participante_id,timestamp_inicio,timestamp_respuesta,timestamp_fin,edad,genero,estudios,audicion,castellano,audio_index,audio_filename,mensaje,ruido,nivel,molestia,ref_52,ref_56,ref_60,ref_64,ref_68,fuentes,afectiva_agradable,afectiva_caotico,afectiva_estimulante,afectiva_sinactividad,afectiva_calmado,afectiva_molesto,afectiva_conactividad,afectiva_monotono
1,2026-06-10T11:37:49.028Z,2026-06-10T11:38:17.385Z,2026-06-10T11:41:12.837Z,18-25,Masculino,Estudios_Universitarios,No,Si,1,mensaje1_road_equal_hrtf.wav,mensaje1,road,equal,5,3,3,2,4,5,humano,1,1,1,1,1,1,1,1
1,2026-06-10T11:37:49.028Z,2026-06-10T11:38:29.407Z,2026-06-10T11:41:12.837Z,18-25,Masculino,Estudios_Universitarios,No,Si,2,mensaje1_road_low_hrtf.wav,mensaje1,road,low,4,3,3,2,4,5,humano,1,2,3,2,3,3,3,3
1,2026-06-10T11:37:49.028Z,2026-06-10T11:38:38.877Z,2026-06-10T11:41:12.837Z,18-25,Masculino,Estudios_Universitarios,No,Si,3,mensaje1_road_high_hrtf.wav,mensaje1,road,high,4,3,3,2,4,5,humano,1,1,3,2,4,4,4,4
1,2026-06-10T11:37:49.028Z,2026-06-10T11:38:46.153Z,2026-06-10T11:41:12.837Z,18-25,Masculino,Estudios_Universitarios,No,Si,4,mensaje1_voices_equal_hrtf.wav,mensaje1,voices,equal,3,3,3,2,4,5,humano,1,1,1,1,1,1,1,1
1,2026-06-10T11:37:49.028Z,2026-06-10T11:38:53.467Z,2026-06-10T11:41:12.837Z,18-25,Masculino,Estudios_Universitarios,No,Si,5,mensaje1_voices_low_hrtf.wav,mensaje1,voices,low,5,3,3,2,4,5,trafico,5,5,5,5,5,5,5,5
1,2026-06-10T11:37:49.028Z,2026-06-10T11:39:08.886Z,2026-06-10T11:41:12.837Z,18-25,Masculino,Estudios_Universitarios,No,Si,6,mensaje1_voices_high_hrtf.wav,mensaje1,voices,high,4,3,3,2,4,5,natural,3,2,3,2,3,2,3,2
1,2026-06-10T11:37:49.028Z,2026-06-10T11:39:19.143Z,2026-06-10T11:41:12.837Z,18-25,Masculino,Estudios_Universitarios,No,Si,7,mensaje1_nature_equal_hrtf.wav,mensaje1,nature,equal,4,3,3,2,4,5,trafico,2,2,2,2,2,2,1,2
1,2026-06-10T11:37:49.028Z,2026-06-10T11:39:30.888Z,2026-06-10T11:41:12.837Z,18-25,Masculino,Estudios_Universitarios,No,Si,8,mensaje1_nature_low_hrtf.wav,mensaje1,nature,low,4,3,3,2,4,5,trafico,4,3,4,3,4,3,4,3
1,2026-06-10T11:37:49.028Z,2026-06-10T11:39:41.078Z,2026-06-10T11:41:12.837Z,18-25,Masculino,Estudios_Universitarios,No,Si,9,mensaje1_nature_high_hrtf.wav,mensaje1,nature,high,3,3,3,2,4,5,trafico,4,5,4,5,4,5,4,5
1,2026-06-10T11:37:49.028Z,2026-06-10T11:39:50.785Z,2026-06-10T11:41:12.837Z,18-25,Masculino,Estudios_Universitarios,No,Si,10,mensaje2_road_equal_hrtf.wav,mensaje2,road,equal,3,3,3,2,4,5,natural,2,2,2,2,2,2,3,2
1,2026-06-10T11:37:49.028Z,2026-06-10T11:39:59.431Z,2026-06-10T11:41:12.837Z,18-25,Masculino,Estudios_Universitarios,No,Si,11,mensaje2_road_low_hrtf.wav,mensaje2,road,low,3,3,3,2,4,5,natural,3,2,3,2,3,4,3,2
1,2026-06-10T11:37:49.028Z,2026-06-10T11:40:08.838Z,2026-06-10T11:41:12.837Z,18-25,Masculino,Estudios_Universitarios,No,Si,12,mensaje2_road_high_hrtf.wav,mensaje2,road,high,3,3,3,2,4,5,trafico,2,3,2,3,2,3,2,1
1,2026-06-10T11:37:49.028Z,2026-06-10T11:40:19.891Z,2026-06-10T11:41:12.837Z,18-25,Masculino,Estudios_Universitarios,No,Si,13,mensaje2_voices_equal_hrtf.wav,mensaje2,voices,equal,2,3,3,2,4,5,natural,5,4,3,1,3,5,3,1
1,2026-06-10T11:37:49.028Z,2026-06-10T11:40:36.128Z,2026-06-10T11:41:12.837Z,18-25,Masculino,Estudios_Universitarios,No,Si,14,mensaje2_voices_low_hrtf.wav,mensaje2,voices,low,3,3,3,2,4,5,trafico,1,2,2,2,2,2,2,3
1,2026-06-10T11:37:49.028Z,2026-06-10T11:40:44.403Z,2026-06-10T11:41:12.837Z,18-25,Masculino,Estudios_Universitarios,No,Si,15,mensaje2_voices_high_hrtf.wav,mensaje2,voices,high,3,3,3,2,4,5,natural,4,3,4,3,4,3,4,3
1,2026-06-10T11:37:49.028Z,2026-06-10T11:40:53.275Z,2026-06-10T11:41:12.837Z,18-25,Masculino,Estudios_Universitarios,No,Si,16,mensaje2_nature_equal_hrtf.wav,mensaje2,nature,equal,6,3,3,2,4,5,trafico,2,2,2,2,2,3,2,1
1,2026-06-10T11:37:49.028Z,2026-06-10T11:41:01.694Z,2026-06-10T11:41:12.837Z,18-25,Masculino,Estudios_Universitarios,No,Si,17,mensaje2_nature_low_hrtf.wav,mensaje2,nature,low,3,3,3,2,4,5,trafico,3,2,3,2,3,2,3,2
1,2026-06-10T11:37:49.028Z,2026-06-10T11:41:12.837Z,2026-06-10T11:41:12.837Z,18-25,Masculino,Estudios_Universitarios,No,Si,18,mensaje2_nature_high_hrtf.wav,mensaje2,nature,high,3,3,3,2,4,5,natural,3,3,3,3,3,3,2,1
2,2026-06-10T16:51:08.243Z,2026-06-10T16:53:30.121Z,2026-06-10T17:03:47.365Z,25-35,Masculino,Estudios_Universitarios,No,Si,1,mensaje1_road_equal_hrtf.wav,mensaje1,road,equal,1,0,0,0,0,0,trafico;humano,2,1,1,4,5,1,2,5
2,2026-06-10T16:51:08.243Z,2026-06-10T16:54:22.007Z,2026-06-10T17:03:47.365Z,25-35,Masculino,Estudios_Universitarios,No,Si,2,mensaje1_road_low_hrtf.wav,mensaje1,road,low,1,0,0,0,0,0,trafico;humano,2,1,1,4,5,1,2,4
2,2026-06-10T16:51:08.243Z,2026-06-10T16:55:06.640Z,2026-06-10T17:03:47.365Z,25-35,Masculino,Estudios_Universitarios,No,Si,3,mensaje1_road_high_hrtf.wav,mensaje1,road,high,2,0,0,0,0,0,trafico;humano,2,2,1,4,4,2,2,3
2,2026-06-10T16:51:08.243Z,2026-06-10T16:55:40.809Z,2026-06-10T17:03:47.365Z,25-35,Masculino,Estudios_Universitarios,No,Si,4,mensaje1_voices_equal_hrtf.wav,mensaje1,voices,equal,7,0,0,0,0,0,humano,1,5,2,1,1,4,5,1
2,2026-06-10T16:51:08.243Z,2026-06-10T16:56:13.032Z,2026-06-10T17:03:47.365Z,25-35,Masculino,Estudios_Universitarios,No,Si,5,mensaje1_voices_low_hrtf.wav,mensaje1,voices,low,3,0,0,0,0,0,humano,1,3,2,1,1,3,5,1
2,2026-06-10T16:51:08.243Z,2026-06-10T16:56:40.867Z,2026-06-10T17:03:47.365Z,25-35,Masculino,Estudios_Universitarios,No,Si,6,mensaje1_voices_high_hrtf.wav,mensaje1,voices,high,10,0,0,0,0,0,humano,1,5,2,1,1,5,5,1
2,2026-06-10T16:51:08.243Z,2026-06-10T16:57:06.397Z,2026-06-10T17:03:47.365Z,25-35,Masculino,Estudios_Universitarios,No,Si,7,mensaje1_nature_equal_hrtf.wav,mensaje1,nature,equal,0,0,0,0,0,0,humano;natural,4,1,4,1,5,1,5,1
2,2026-06-10T16:51:08.243Z,2026-06-10T16:57:42.464Z,2026-06-10T17:03:47.365Z,25-35,Masculino,Estudios_Universitarios,No,Si,8,mensaje1_nature_low_hrtf.wav,mensaje1,nature,low,1,0,0,0,0,0,humano;natural,4,1,2,1,4,1,4,1
2,2026-06-10T16:51:08.243Z,2026-06-10T16:58:20.649Z,2026-06-10T17:03:47.365Z,25-35,Masculino,Estudios_Universitarios,No,Si,9,mensaje1_nature_high_hrtf.wav,mensaje1,nature,high,2,0,0,0,0,0,humano;natural,3,4,4,1,1,3,5,1
2,2026-06-10T16:51:08.243Z,2026-06-10T16:59:03.247Z,2026-06-10T17:03:47.365Z,25-35,Masculino,Estudios_Universitarios,No,Si,10,mensaje2_road_equal_hrtf.wav,mensaje2,road,equal,1,0,0,0,0,0,trafico;humano,1,1,1,2,1,2,1,4
2,2026-06-10T16:51:08.243Z,2026-06-10T16:59:41.545Z,2026-06-10T17:03:47.365Z,25-35,Masculino,Estudios_Universitarios,No,Si,11,mensaje2_road_low_hrtf.wav,mensaje2,road,low,0,0,0,0,0,0,trafico;humano,2,1,1,2,4,1,2,4
2,2026-06-10T16:51:08.243Z,2026-06-10T17:00:15.165Z,2026-06-10T17:03:47.365Z,25-35,Masculino,Estudios_Universitarios,No,Si,12,mensaje2_road_high_hrtf.wav,mensaje2,road,high,2,0,0,0,0,0,trafico;humano,1,1,1,2,2,2,4,3
2,2026-06-10T16:51:08.243Z,2026-06-10T17:00:44.685Z,2026-06-10T17:03:47.365Z,25-35,Masculino,Estudios_Universitarios,No,Si,13,mensaje2_voices_equal_hrtf.wav,mensaje2,voices,equal,4,0,0,0,0,0,humano,1,4,1,1,1,2,4,1
2,2026-06-10T16:51:08.243Z,2026-06-10T17:01:29.944Z,2026-06-10T17:03:47.365Z,25-35,Masculino,Estudios_Universitarios,No,Si,14,mensaje2_voices_low_hrtf.wav,mensaje2,voices,low,3,0,0,0,0,0,humano,1,3,1,1,1,2,4,2
2,2026-06-10T16:51:08.243Z,2026-06-10T17:01:52.211Z,2026-06-10T17:03:47.365Z,25-35,Masculino,Estudios_Universitarios,No,Si,15,mensaje2_voices_high_hrtf.wav,mensaje2,voices,high,8,0,0,0,0,0,humano,1,5,2,1,1,5,5,1
2,2026-06-10T16:51:08.243Z,2026-06-10T17:02:31.867Z,2026-06-10T17:03:47.365Z,25-35,Masculino,Estudios_Universitarios,No,Si,16,mensaje2_nature_equal_hrtf.wav,mensaje2,nature,equal,0,0,0,0,0,0,humano;natural,3,3,2,1,3,2,5,1
2,2026-06-10T16:51:08.243Z,2026-06-10T17:03:04.540Z,2026-06-10T17:03:47.365Z,25-35,Masculino,Estudios_Universitarios,No,Si,17,mensaje2_nature_low_hrtf.wav,mensaje2,nature,low,0,0,0,0,0,0,humano;natural,5,3,4,1,4,1,5,1
2,2026-06-10T16:51:08.243Z,2026-06-10T17:03:47.365Z,2026-06-10T17:03:47.365Z,25-35,Masculino,Estudios_Universitarios,No,Si,18,mensaje2_nature_high_hrtf.wav,mensaje2,nature,high,0,0,0,0,0,0,humano;natural,5,3,3,1,3,1,5,1
3,2026-06-10T17:05:47.323Z,2026-06-10T17:10:40.843Z,2026-06-10T17:23:50.398Z,25-35,Masculino,Estudios_Universitarios,No,Si,1,mensaje1_road_equal_hrtf.wav,mensaje1,road,equal,2,0,0,0,0,0,trafico;humano,2,3,1,3,3,4,4,5
3,2026-06-10T17:05:47.323Z,2026-06-10T17:11:56.235Z,2026-06-10T17:23:50.398Z,25-35,Masculino,Estudios_Universitarios,No,Si,2,mensaje1_road_low_hrtf.wav,mensaje1,road,low,1,0,0,0,0,0,trafico;humano,1,1,1,3,4,3,2,5
3,2026-06-10T17:05:47.323Z,2026-06-10T17:12:36.534Z,2026-06-10T17:23:50.398Z,25-35,Masculino,Estudios_Universitarios,No,Si,3,mensaje1_road_high_hrtf.wav,mensaje1,road,high,1,0,0,0,0,0,trafico;humano,1,1,1,3,2,3,2,5
3,2026-06-10T17:05:47.323Z,2026-06-10T17:13:19.817Z,2026-06-10T17:23:50.398Z,25-35,Masculino,Estudios_Universitarios,No,Si,4,mensaje1_voices_equal_hrtf.wav,mensaje1,voices,equal,5,0,0,0,0,0,humano,1,5,1,1,1,5,5,1
3,2026-06-10T17:05:47.323Z,2026-06-10T17:14:34.057Z,2026-06-10T17:23:50.398Z,25-35,Masculino,Estudios_Universitarios,No,Si,5,mensaje1_voices_low_hrtf.wav,mensaje1,voices,low,3,0,0,0,0,0,humano,1,5,1,1,1,5,5,1
3,2026-06-10T17:05:47.323Z,2026-06-10T17:14:59.833Z,2026-06-10T17:23:50.398Z,25-35,Masculino,Estudios_Universitarios,No,Si,6,mensaje1_voices_high_hrtf.wav,mensaje1,voices,high,8,0,0,0,0,0,humano,1,5,1,1,1,5,5,1
3,2026-06-10T17:05:47.323Z,2026-06-10T17:15:54.964Z,2026-06-10T17:23:50.398Z,25-35,Masculino,Estudios_Universitarios,No,Si,7,mensaje1_nature_equal_hrtf.wav,mensaje1,nature,equal,0,0,0,0,0,0,humano;natural,4,1,3,1,5,1,5,1
3,2026-06-10T17:05:47.323Z,2026-06-10T17:17:03.919Z,2026-06-10T17:23:50.398Z,25-35,Masculino,Estudios_Universitarios,No,Si,8,mensaje1_nature_low_hrtf.wav,mensaje1,nature,low,1,0,0,0,0,0,humano;natural,3,1,2,1,4,1,4,2
3,2026-06-10T17:05:47.323Z,2026-06-10T17:17:49.129Z,2026-06-10T17:23:50.398Z,25-35,Masculino,Estudios_Universitarios,No,Si,9,mensaje1_nature_high_hrtf.wav,mensaje1,nature,high,0,0,0,0,0,0,humano;natural,5,1,3,1,5,1,4,1
3,2026-06-10T17:05:47.323Z,2026-06-10T17:18:43.545Z,2026-06-10T17:23:50.398Z,25-35,Masculino,Estudios_Universitarios,No,Si,10,mensaje2_road_equal_hrtf.wav,mensaje2,road,equal,3,0,0,0,0,0,trafico;humano,1,5,1,1,1,4,5,4
3,2026-06-10T17:05:47.323Z,2026-06-10T17:19:38.518Z,2026-06-10T17:23:50.398Z,25-35,Masculino,Estudios_Universitarios,No,Si,11,mensaje2_road_low_hrtf.wav,mensaje2,road,low,1,0,0,0,0,0,trafico;humano,2,3,1,1,1,4,4,2
3,2026-06-10T17:05:47.323Z,2026-06-10T17:20:15.843Z,2026-06-10T17:23:50.398Z,25-35,Masculino,Estudios_Universitarios,No,Si,12,mensaje2_road_high_hrtf.wav,mensaje2,road,high,2,0,0,0,0,0,trafico;humano,1,4,1,2,1,5,4,1
3,2026-06-10T17:05:47.323Z,2026-06-10T17:21:03.342Z,2026-06-10T17:23:50.398Z,25-35,Masculino,Estudios_Universitarios,No,Si,13,mensaje2_voices_equal_hrtf.wav,mensaje2,voices,equal,5,0,0,0,0,0,humano,1,5,1,1,1,5,5,1
3,2026-06-10T17:05:47.323Z,2026-06-10T17:21:34.309Z,2026-06-10T17:23:50.398Z,25-35,Masculino,Estudios_Universitarios,No,Si,14,mensaje2_voices_low_hrtf.wav,mensaje2,voices,low,6,0,0,0,0,0,humano,1,5,1,1,1,5,5,1
3,2026-06-10T17:05:47.323Z,2026-06-10T17:22:17.615Z,2026-06-10T17:23:50.398Z,25-35,Masculino,Estudios_Universitarios,No,Si,15,mensaje2_voices_high_hrtf.wav,mensaje2,voices,high,9,0,0,0,0,0,humano,1,5,1,1,1,5,5,1
3,2026-06-10T17:05:47.323Z,2026-06-10T17:22:49.924Z,2026-06-10T17:23:50.398Z,25-35,Masculino,Estudios_Universitarios,No,Si,16,mensaje2_nature_equal_hrtf.wav,mensaje2,nature,equal,3,0,0,0,0,0,humano;natural,4,2,2,5,5,2,3,3
3,2026-06-10T17:05:47.323Z,2026-06-10T17:23:18.724Z,2026-06-10T17:23:50.398Z,25-35,Masculino,Estudios_Universitarios,No,Si,17,mensaje2_nature_low_hrtf.wav,mensaje2,nature,low,0,0,0,0,0,0,humano;natural,4,1,3,4,4,1,4,1
3,2026-06-10T17:05:47.323Z,2026-06-10T17:23:50.398Z,2026-06-10T17:23:50.398Z,25-35,Masculino,Estudios_Universitarios,No,Si,18,mensaje2_nature_high_hrtf.wav,mensaje2,nature,high,1,0,0,0,0,0,humano;natural,4,3,5,1,5,2,4,2
4,2026-06-17T13:18:26.414Z,2026-06-17T13:23:48.557Z,2026-06-17T13:42:25.099Z,55-65,Femenino,Estudios_Universitarios,No,Si,1,mensaje1_road_equal_hrtf.wav,mensaje1,road,equal,8,1,2,3,4,8,trafico;humano,3,2,4,1,1,2,5,1
4,2026-06-17T13:18:26.414Z,2026-06-17T13:25:26.647Z,2026-06-17T13:42:25.099Z,55-65,Femenino,Estudios_Universitarios,No,Si,2,mensaje1_road_low_hrtf.wav,mensaje1,road,low,2,1,2,3,4,8,trafico;humano,4,1,4,1,4,1,5,1
4,2026-06-17T13:18:26.414Z,2026-06-17T13:26:35.041Z,2026-06-17T13:42:25.099Z,55-65,Femenino,Estudios_Universitarios,No,Si,3,mensaje1_road_high_hrtf.wav,mensaje1,road,high,8,1,2,3,4,8,trafico;humano,1,4,1,1,1,5,5,1
4,2026-06-17T13:18:26.414Z,2026-06-17T13:27:41.089Z,2026-06-17T13:42:25.099Z,55-65,Femenino,Estudios_Universitarios,No,Si,4,mensaje1_voices_equal_hrtf.wav,mensaje1,voices,equal,8,1,2,3,4,8,humano,1,5,1,1,1,5,5,1
4,2026-06-17T13:18:26.414Z,2026-06-17T13:28:49.699Z,2026-06-17T13:42:25.099Z,55-65,Femenino,Estudios_Universitarios,No,Si,5,mensaje1_voices_low_hrtf.wav,mensaje1,voices,low,6,1,2,3,4,8,humano,3,1,3,1,3,1,4,1
4,2026-06-17T13:18:26.414Z,2026-06-17T13:29:49.063Z,2026-06-17T13:42:25.099Z,55-65,Femenino,Estudios_Universitarios,No,Si,6,mensaje1_voices_high_hrtf.wav,mensaje1,voices,high,10,1,2,3,4,8,humano,1,5,1,1,1,5,5,1
4,2026-06-17T13:18:26.414Z,2026-06-17T13:32:17.398Z,2026-06-17T13:42:25.099Z,55-65,Femenino,Estudios_Universitarios,No,Si,7,mensaje1_nature_equal_hrtf.wav,mensaje1,nature,equal,6,1,2,3,4,8,humano;natural,4,4,1,1,1,3,5,1
4,2026-06-17T13:18:26.414Z,2026-06-17T13:33:31.153Z,2026-06-17T13:42:25.099Z,55-65,Femenino,Estudios_Universitarios,No,Si,8,mensaje1_nature_low_hrtf.wav,mensaje1,nature,low,3,1,2,3,4,8,humano;natural,5,3,3,1,4,1,5,1
4,2026-06-17T13:18:26.414Z,2026-06-17T13:34:25.224Z,2026-06-17T13:42:25.099Z,55-65,Femenino,Estudios_Universitarios,No,Si,9,mensaje1_nature_high_hrtf.wav,mensaje1,nature,high,8,1,2,3,4,8,humano;natural,2,4,2,1,1,5,5,1
4,2026-06-17T13:18:26.414Z,2026-06-17T13:35:24.749Z,2026-06-17T13:42:25.099Z,55-65,Femenino,Estudios_Universitarios,No,Si,10,mensaje2_road_equal_hrtf.wav,mensaje2,road,equal,5,1,2,3,4,8,trafico;humano,3,3,3,1,3,3,3,3
4,2026-06-17T13:18:26.414Z,2026-06-17T13:36:18.895Z,2026-06-17T13:42:25.099Z,55-65,Femenino,Estudios_Universitarios,No,Si,11,mensaje2_road_low_hrtf.wav,mensaje2,road,low,2,1,2,3,4,8,trafico;humano,4,1,4,1,3,1,4,1
4,2026-06-17T13:18:26.414Z,2026-06-17T13:37:05.429Z,2026-06-17T13:42:25.099Z,55-65,Femenino,Estudios_Universitarios,No,Si,12,mensaje2_road_high_hrtf.wav,mensaje2,road,high,8,1,2,3,4,8,trafico;humano,1,4,1,1,1,4,4,1
4,2026-06-17T13:18:26.414Z,2026-06-17T13:37:52.151Z,2026-06-17T13:42:25.099Z,55-65,Femenino,Estudios_Universitarios,No,Si,13,mensaje2_voices_equal_hrtf.wav,mensaje2,voices,equal,9,1,2,3,4,8,humano,1,5,1,1,1,5,4,1
4,2026-06-17T13:18:26.414Z,2026-06-17T13:38:42.993Z,2026-06-17T13:42:25.099Z,55-65,Femenino,Estudios_Universitarios,No,Si,14,mensaje2_voices_low_hrtf.wav,mensaje2,voices,low,6,1,2,3,4,8,humano,3,2,3,1,3,1,3,1
4,2026-06-17T13:18:26.414Z,2026-06-17T13:39:24.202Z,2026-06-17T13:42:25.099Z,55-65,Femenino,Estudios_Universitarios,No,Si,15,mensaje2_voices_high_hrtf.wav,mensaje2,voices,high,10,1,2,3,4,8,humano,1,5,1,1,1,5,5,1
4,2026-06-17T13:18:26.414Z,2026-06-17T13:40:25.385Z,2026-06-17T13:42:25.099Z,55-65,Femenino,Estudios_Universitarios,No,Si,16,mensaje2_nature_equal_hrtf.wav,mensaje2,nature,equal,7,1,2,3,4,8,humano;natural,3,1,3,1,3,3,3,1
4,2026-06-17T13:18:26.414Z,2026-06-17T13:41:16.654Z,2026-06-17T13:42:25.099Z,55-65,Femenino,Estudios_Universitarios,No,Si,17,mensaje2_nature_low_hrtf.wav,mensaje2,nature,low,2,1,2,3,4,8,humano;natural,4,1,4,1,5,1,4,1
4,2026-06-17T13:18:26.414Z,2026-06-17T13:42:25.098Z,2026-06-17T13:42:25.099Z,55-65,Femenino,Estudios_Universitarios,No,Si,18,mensaje2_nature_high_hrtf.wav,mensaje2,nature,high,9,1,2,3,4,8,humano;natural,1,4,1,1,1,3,4,1
5,2026-06-18T05:35:43.646Z,2026-06-18T05:39:18.041Z,2026-06-18T05:55:23.792Z,18-25,Femenino,Estudios_Universitarios,No,Si,1,mensaje1_road_equal_hrtf.wav,mensaje1,road,equal,2,0,0,0,0,0,trafico;humano,3,1,4,1,4,2,4,2
5,2026-06-18T05:35:43.646Z,2026-06-18T05:40:45.266Z,2026-06-18T05:55:23.792Z,18-25,Femenino,Estudios_Universitarios,No,Si,2,mensaje1_road_low_hrtf.wav,mensaje1,road,low,3,0,0,0,0,0,trafico;humano,2,2,3,1,5,2,5,4
5,2026-06-18T05:35:43.646Z,2026-06-18T05:41:45.471Z,2026-06-18T05:55:23.792Z,18-25,Femenino,Estudios_Universitarios,No,Si,3,mensaje1_road_high_hrtf.wav,mensaje1,road,high,5,0,0,0,0,0,trafico;humano,2,3,4,1,2,4,5,2
5,2026-06-18T05:35:43.646Z,2026-06-18T05:43:17.361Z,2026-06-18T05:55:23.792Z,18-25,Femenino,Estudios_Universitarios,No,Si,4,mensaje1_voices_equal_hrtf.wav,mensaje1,voices,equal,6,0,0,0,0,0,trafico;humano,1,4,5,1,1,4,5,1
5,2026-06-18T05:35:43.646Z,2026-06-18T05:44:46.477Z,2026-06-18T05:55:23.792Z,18-25,Femenino,Estudios_Universitarios,No,Si,5,mensaje1_voices_low_hrtf.wav,mensaje1,voices,low,4,0,0,0,0,0,humano,4,4,4,1,4,2,5,2
5,2026-06-18T05:35:43.646Z,2026-06-18T05:45:50.982Z,2026-06-18T05:55:23.792Z,18-25,Femenino,Estudios_Universitarios,No,Si,6,mensaje1_voices_high_hrtf.wav,mensaje1,voices,high,7,0,0,0,0,0,humano,2,5,5,1,2,5,5,3
5,2026-06-18T05:35:43.646Z,2026-06-18T05:46:38.489Z,2026-06-18T05:55:23.792Z,18-25,Femenino,Estudios_Universitarios,No,Si,7,mensaje1_nature_equal_hrtf.wav,mensaje1,nature,equal,0,0,0,0,0,0,natural,5,1,5,4,5,1,2,4
5,2026-06-18T05:35:43.646Z,2026-06-18T05:47:47.721Z,2026-06-18T05:55:23.792Z,18-25,Femenino,Estudios_Universitarios,No,Si,8,mensaje1_nature_low_hrtf.wav,mensaje1,nature,low,0,0,0,0,0,0,natural,5,1,2,4,5,1,2,3
5,2026-06-18T05:35:43.646Z,2026-06-18T05:48:37.712Z,2026-06-18T05:55:23.792Z,18-25,Femenino,Estudios_Universitarios,No,Si,9,mensaje1_nature_high_hrtf.wav,mensaje1,nature,high,0,0,0,0,0,0,natural,5,1,3,4,5,1,2,2
5,2026-06-18T05:35:43.646Z,2026-06-18T05:49:40.966Z,2026-06-18T05:55:23.792Z,18-25,Femenino,Estudios_Universitarios,No,Si,10,mensaje2_road_equal_hrtf.wav,mensaje2,road,equal,1,0,0,0,0,0,trafico,4,1,2,4,5,2,2,4
5,2026-06-18T05:35:43.646Z,2026-06-18T05:50:25.834Z,2026-06-18T05:55:23.792Z,18-25,Femenino,Estudios_Universitarios,No,Si,11,mensaje2_road_low_hrtf.wav,mensaje2,road,low,1,0,0,0,0,0,trafico,4,1,2,4,4,1,2,5
5,2026-06-18T05:35:43.646Z,2026-06-18T05:51:07.752Z,2026-06-18T05:55:23.792Z,18-25,Femenino,Estudios_Universitarios,No,Si,12,mensaje2_road_high_hrtf.wav,mensaje2,road,high,3,0,0,0,0,0,trafico,2,1,1,4,5,4,1,4
5,2026-06-18T05:35:43.646Z,2026-06-18T05:51:49.954Z,2026-06-18T05:55:23.792Z,18-25,Femenino,Estudios_Universitarios,No,Si,13,mensaje2_voices_equal_hrtf.wav,mensaje2,voices,equal,4,0,0,0,0,0,humano,2,4,5,1,1,4,5,2
5,2026-06-18T05:35:43.646Z,2026-06-18T05:52:42.322Z,2026-06-18T05:55:23.792Z,18-25,Femenino,Estudios_Universitarios,No,Si,14,mensaje2_voices_low_hrtf.wav,mensaje2,voices,low,5,0,0,0,0,0,humano,1,4,4,1,2,4,5,3
5,2026-06-18T05:35:43.646Z,2026-06-18T05:53:20.189Z,2026-06-18T05:55:23.792Z,18-25,Femenino,Estudios_Universitarios,No,Si,15,mensaje2_voices_high_hrtf.wav,mensaje2,voices,high,6,0,0,0,0,0,humano,1,5,5,1,1,5,5,1
5,2026-06-18T05:35:43.646Z,2026-06-18T05:54:00.971Z,2026-06-18T05:55:23.792Z,18-25,Femenino,Estudios_Universitarios,No,Si,16,mensaje2_nature_equal_hrtf.wav,mensaje2,nature,equal,0,0,0,0,0,0,natural,5,1,5,4,5,1,2,5
5,2026-06-18T05:35:43.646Z,2026-06-18T05:54:38.322Z,2026-06-18T05:55:23.792Z,18-25,Femenino,Estudios_Universitarios,No,Si,17,mensaje2_nature_low_hrtf.wav,mensaje2,nature,low,0,0,0,0,0,0,natural,5,1,5,4,5,1,2,3
5,2026-06-18T05:35:43.646Z,2026-06-18T05:55:23.791Z,2026-06-18T05:55:23.792Z,18-25,Femenino,Estudios_Universitarios,No,Si,18,mensaje2_nature_high_hrtf.wav,mensaje2,nature,high,0,0,0,0,0,0,natural,5,2,5,2,5,1,4,2
6,2026-06-18T06:02:59.205Z,2026-06-18T06:08:10.522Z,2026-06-18T06:19:47.205Z,18-25,Masculino,Formacion_Profesional,No,Si,1,mensaje1_road_equal_hrtf.wav,mensaje1,road,equal,2,0,5,4,7,3,humano,3,1,4,2,5,1,2,5
6,2026-06-18T06:02:59.205Z,2026-06-18T06:09:07.143Z,2026-06-18T06:19:47.205Z,18-25,Masculino,Formacion_Profesional,No,Si,2,mensaje1_road_low_hrtf.wav,mensaje1,road,low,5,0,5,4,7,3,humano,3,1,2,2,4,3,3,5
6,2026-06-18T06:02:59.205Z,2026-06-18T06:09:56.629Z,2026-06-18T06:19:47.205Z,18-25,Masculino,Formacion_Profesional,No,Si,3,mensaje1_road_high_hrtf.wav,mensaje1,road,high,5,0,5,4,7,3,humano,2,2,3,1,3,4,4,5
6,2026-06-18T06:02:59.205Z,2026-06-18T06:10:34.555Z,2026-06-18T06:19:47.205Z,18-25,Masculino,Formacion_Profesional,No,Si,4,mensaje1_voices_equal_hrtf.wav,mensaje1,voices,equal,10,0,5,4,7,3,humano,1,5,3,1,1,4,5,5
6,2026-06-18T06:02:59.205Z,2026-06-18T06:11:17.488Z,2026-06-18T06:19:47.205Z,18-25,Masculino,Formacion_Profesional,No,Si,5,mensaje1_voices_low_hrtf.wav,mensaje1,voices,low,4,0,5,4,7,3,humano,4,4,3,1,1,3,5,5
6,2026-06-18T06:02:59.205Z,2026-06-18T06:11:57.106Z,2026-06-18T06:19:47.205Z,18-25,Masculino,Formacion_Profesional,No,Si,6,mensaje1_voices_high_hrtf.wav,mensaje1,voices,high,9,0,5,4,7,3,humano,1,5,4,1,1,5,5,3
6,2026-06-18T06:02:59.205Z,2026-06-18T06:12:25.720Z,2026-06-18T06:19:47.205Z,18-25,Masculino,Formacion_Profesional,No,Si,7,mensaje1_nature_equal_hrtf.wav,mensaje1,nature,equal,6,0,5,4,7,3,natural,2,5,3,1,1,5,5,4
6,2026-06-18T06:02:59.205Z,2026-06-18T06:13:02.601Z,2026-06-18T06:19:47.205Z,18-25,Masculino,Formacion_Profesional,No,Si,8,mensaje1_nature_low_hrtf.wav,mensaje1,nature,low,5,0,5,4,7,3,natural,4,4,2,4,2,4,5,5
6,2026-06-18T06:02:59.205Z,2026-06-18T06:13:49.120Z,2026-06-18T06:19:47.205Z,18-25,Masculino,Formacion_Profesional,No,Si,9,mensaje1_nature_high_hrtf.wav,mensaje1,nature,high,10,0,5,4,7,3,natural,1,5,4,1,1,5,5,3
6,2026-06-18T06:02:59.205Z,2026-06-18T06:14:44.680Z,2026-06-18T06:19:47.205Z,18-25,Masculino,Formacion_Profesional,No,Si,10,mensaje2_road_equal_hrtf.wav,mensaje2,road,equal,5,0,5,4,7,3,trafico;humano,1,1,3,3,5,2,3,5
6,2026-06-18T06:02:59.205Z,2026-06-18T06:15:21.419Z,2026-06-18T06:19:47.205Z,18-25,Masculino,Formacion_Profesional,No,Si,11,mensaje2_road_low_hrtf.wav,mensaje2,road,low,2,0,5,4,7,3,trafico;humano,5,1,2,2,5,1,2,5
6,2026-06-18T06:02:59.205Z,2026-06-18T06:15:59.914Z,2026-06-18T06:19:47.205Z,18-25,Masculino,Formacion_Profesional,No,Si,12,mensaje2_road_high_hrtf.wav,mensaje2,road,high,7,0,5,4,7,3,trafico;humano,3,4,3,3,3,5,4,5
6,2026-06-18T06:02:59.205Z,2026-06-18T06:16:33.136Z,2026-06-18T06:19:47.205Z,18-25,Masculino,Formacion_Profesional,No,Si,13,mensaje2_voices_equal_hrtf.wav,mensaje2,voices,equal,8,0,5,4,7,3,humano,1,5,4,1,1,5,5,5
6,2026-06-18T06:02:59.205Z,2026-06-18T06:17:13.882Z,2026-06-18T06:19:47.205Z,18-25,Masculino,Formacion_Profesional,No,Si,14,mensaje2_voices_low_hrtf.wav,mensaje2,voices,low,5,0,5,4,7,3,humano,4,2,3,1,3,3,5,5
6,2026-06-18T06:02:59.205Z,2026-06-18T06:17:45.861Z,2026-06-18T06:19:47.205Z,18-25,Masculino,Formacion_Profesional,No,Si,15,mensaje2_voices_high_hrtf.wav,mensaje2,voices,high,10,0,5,4,7,3,humano,1,5,1,1,1,5,5,1
6,2026-06-18T06:02:59.205Z,2026-06-18T06:18:39.765Z,2026-06-18T06:19:47.205Z,18-25,Masculino,Formacion_Profesional,No,Si,16,mensaje2_nature_equal_hrtf.wav,mensaje2,nature,equal,6,0,5,4,7,3,humano;natural,1,5,2,1,1,5,4,4
6,2026-06-18T06:02:59.205Z,2026-06-18T06:19:11.912Z,2026-06-18T06:19:47.205Z,18-25,Masculino,Formacion_Profesional,No,Si,17,mensaje2_nature_low_hrtf.wav,mensaje2,nature,low,6,0,5,4,7,3,humano;natural,2,1,2,2,2,4,3,5
6,2026-06-18T06:02:59.205Z,2026-06-18T06:19:47.205Z,2026-06-18T06:19:47.205Z,18-25,Masculino,Formacion_Profesional,No,Si,18,mensaje2_nature_high_hrtf.wav,mensaje2,nature,high,8,0,5,4,7,3,trafico;humano;natural,1,5,1,1,1,5,5,4
7,2026-06-18T06:22:28.509Z,2026-06-18T06:25:57.260Z,2026-06-18T06:38:51.364Z,45-55,Masculino,Doctorado,No,Si,1,mensaje1_road_equal_hrtf.wav,mensaje1,road,equal,3,0,0,1,1,2,humano,3,1,1,4,4,3,1,1
7,2026-06-18T06:22:28.509Z,2026-06-18T06:26:43.389Z,2026-06-18T06:38:51.364Z,45-55,Masculino,Doctorado,No,Si,2,mensaje1_road_low_hrtf.wav,mensaje1,road,low,3,0,0,1,1,2,trafico;humano,3,1,1,4,4,3,2,2
7,2026-06-18T06:22:28.509Z,2026-06-18T06:27:36.417Z,2026-06-18T06:38:51.364Z,45-55,Masculino,Doctorado,No,Si,3,mensaje1_road_high_hrtf.wav,mensaje1,road,high,5,0,0,1,1,2,trafico;humano,2,3,3,2,3,4,4,2
7,2026-06-18T06:22:28.509Z,2026-06-18T06:28:35.763Z,2026-06-18T06:38:51.364Z,45-55,Masculino,Doctorado,No,Si,4,mensaje1_voices_equal_hrtf.wav,mensaje1,voices,equal,8,0,0,1,1,2,humano,2,5,2,1,1,4,4,1
7,2026-06-18T06:22:28.509Z,2026-06-18T06:29:27.087Z,2026-06-18T06:38:51.364Z,45-55,Masculino,Doctorado,No,Si,5,mensaje1_voices_low_hrtf.wav,mensaje1,voices,low,6,0,0,1,1,2,humano,2,2,1,3,3,4,3,2
7,2026-06-18T06:22:28.509Z,2026-06-18T06:30:14.857Z,2026-06-18T06:38:51.364Z,45-55,Masculino,Doctorado,No,Si,6,mensaje1_voices_high_hrtf.wav,mensaje1,voices,high,10,0,0,1,1,2,humano,1,5,1,1,1,5,5,1
7,2026-06-18T06:22:28.509Z,2026-06-18T06:31:04.573Z,2026-06-18T06:38:51.364Z,45-55,Masculino,Doctorado,No,Si,7,mensaje1_nature_equal_hrtf.wav,mensaje1,nature,equal,3,0,0,1,1,2,humano;natural,4,1,2,3,2,2,3,1
7,2026-06-18T06:22:28.509Z,2026-06-18T06:31:54.487Z,2026-06-18T06:38:51.364Z,45-55,Masculino,Doctorado,No,Si,8,mensaje1_nature_low_hrtf.wav,mensaje1,nature,low,3,0,0,1,1,2,humano;natural,4,1,3,3,4,2,3,1
7,2026-06-18T06:22:28.509Z,2026-06-18T06:32:33.879Z,2026-06-18T06:38:51.364Z,45-55,Masculino,Doctorado,No,Si,9,mensaje1_nature_high_hrtf.wav,mensaje1,nature,high,4,0,0,1,1,2,humano;natural,3,2,3,1,2,3,4,1
7,2026-06-18T06:22:28.509Z,2026-06-18T06:33:32.722Z,2026-06-18T06:38:51.364Z,45-55,Masculino,Doctorado,No,Si,10,mensaje2_road_equal_hrtf.wav,mensaje2,road,equal,5,0,0,1,1,2,trafico;humano,2,3,2,4,2,4,2,3
7,2026-06-18T06:22:28.509Z,2026-06-18T06:34:18.392Z,2026-06-18T06:38:51.364Z,45-55,Masculino,Doctorado,No,Si,11,mensaje2_road_low_hrtf.wav,mensaje2,road,low,4,0,0,1,1,2,trafico;humano,3,3,2,4,4,3,2,4
7,2026-06-18T06:22:28.509Z,2026-06-18T06:34:58.648Z,2026-06-18T06:38:51.364Z,45-55,Masculino,Doctorado,No,Si,12,mensaje2_road_high_hrtf.wav,mensaje2,road,high,6,0,0,1,1,2,trafico;humano,2,3,2,2,2,4,3,3
7,2026-06-18T06:22:28.509Z,2026-06-18T06:35:47.106Z,2026-06-18T06:38:51.364Z,45-55,Masculino,Doctorado,No,Si,13,mensaje2_voices_equal_hrtf.wav,mensaje2,voices,equal,7,0,0,1,1,2,humano,2,4,2,1,2,4,5,1
7,2026-06-18T06:22:28.509Z,2026-06-18T06:36:24.876Z,2026-06-18T06:38:51.364Z,45-55,Masculino,Doctorado,No,Si,14,mensaje2_voices_low_hrtf.wav,mensaje2,voices,low,6,0,0,1,1,2,humano,3,3,1,2,2,3,3,1
7,2026-06-18T06:22:28.509Z,2026-06-18T06:36:55.168Z,2026-06-18T06:38:51.364Z,45-55,Masculino,Doctorado,No,Si,15,mensaje2_voices_high_hrtf.wav,mensaje2,voices,high,9,0,0,1,1,2,humano,1,5,1,1,1,5,5,5
7,2026-06-18T06:22:28.509Z,2026-06-18T06:37:35.495Z,2026-06-18T06:38:51.364Z,45-55,Masculino,Doctorado,No,Si,16,mensaje2_nature_equal_hrtf.wav,mensaje2,nature,equal,4,0,0,1,1,2,humano;natural,3,1,2,2,3,3,4,1
7,2026-06-18T06:22:28.509Z,2026-06-18T06:38:10.823Z,2026-06-18T06:38:51.364Z,45-55,Masculino,Doctorado,No,Si,17,mensaje2_nature_low_hrtf.wav,mensaje2,nature,low,4,0,0,1,1,2,humano;natural,3,2,2,2,4,3,3,1
7,2026-06-18T06:22:28.509Z,2026-06-18T06:38:51.364Z,2026-06-18T06:38:51.364Z,45-55,Masculino,Doctorado,No,Si,18,mensaje2_nature_high_hrtf.wav,mensaje2,nature,high,5,0,0,1,1,2,trafico;humano,2,3,2,3,3,3,4,2
8,2026-06-18T06:45:28.868Z,2026-06-18T06:49:20.711Z,2026-06-18T06:57:46.960Z,18-25,Masculino,Estudios_Universitarios,No,Si,1,mensaje1_road_equal_hrtf.wav,mensaje1,road,equal,4,0,0,1,2,3,trafico;humano,2,1,3,1,2,2,5,1
8,2026-06-18T06:45:28.868Z,2026-06-18T06:50:03.967Z,2026-06-18T06:57:46.960Z,18-25,Masculino,Estudios_Universitarios,No,Si,2,mensaje1_road_low_hrtf.wav,mensaje1,road,low,3,0,0,1,2,3,trafico;humano,3,2,2,1,2,1,5,1
8,2026-06-18T06:45:28.868Z,2026-06-18T06:50:43.090Z,2026-06-18T06:57:46.960Z,18-25,Masculino,Estudios_Universitarios,No,Si,3,mensaje1_road_high_hrtf.wav,mensaje1,road,high,5,0,0,1,2,3,trafico;humano,2,3,2,1,1,3,5,1
8,2026-06-18T06:45:28.868Z,2026-06-18T06:51:08.143Z,2026-06-18T06:57:46.960Z,18-25,Masculino,Estudios_Universitarios,No,Si,4,mensaje1_voices_equal_hrtf.wav,mensaje1,voices,equal,6,0,0,1,2,3,trafico;humano,1,5,2,1,1,4,5,1
8,2026-06-18T06:45:28.868Z,2026-06-18T06:51:35.595Z,2026-06-18T06:57:46.960Z,18-25,Masculino,Estudios_Universitarios,No,Si,5,mensaje1_voices_low_hrtf.wav,mensaje1,voices,low,6,0,0,1,2,3,trafico;humano,1,4,1,1,1,4,5,1
8,2026-06-18T06:45:28.868Z,2026-06-18T06:52:03.455Z,2026-06-18T06:57:46.960Z,18-25,Masculino,Estudios_Universitarios,No,Si,6,mensaje1_voices_high_hrtf.wav,mensaje1,voices,high,9,0,0,1,2,3,trafico;humano,1,5,2,1,1,5,5,1
8,2026-06-18T06:45:28.868Z,2026-06-18T06:52:44.437Z,2026-06-18T06:57:46.960Z,18-25,Masculino,Estudios_Universitarios,No,Si,7,mensaje1_nature_equal_hrtf.wav,mensaje1,nature,equal,6,0,0,1,2,3,humano;natural,4,3,2,1,1,3,5,1
8,2026-06-18T06:45:28.868Z,2026-06-18T06:53:19.699Z,2026-06-18T06:57:46.960Z,18-25,Masculino,Estudios_Universitarios,No,Si,8,mensaje1_nature_low_hrtf.wav,mensaje1,nature,low,5,0,0,1,2,3,humano;natural,3,2,4,1,1,2,5,1
8,2026-06-18T06:45:28.868Z,2026-06-18T06:53:45.345Z,2026-06-18T06:57:46.960Z,18-25,Masculino,Estudios_Universitarios,No,Si,9,mensaje1_nature_high_hrtf.wav,mensaje1,nature,high,7,0,0,1,2,3,humano;natural,2,4,2,1,1,3,5,1
8,2026-06-18T06:45:28.868Z,2026-06-18T06:54:18.836Z,2026-06-18T06:57:46.960Z,18-25,Masculino,Estudios_Universitarios,No,Si,10,mensaje2_road_equal_hrtf.wav,mensaje2,road,equal,5,0,0,1,2,3,trafico;humano,3,1,2,1,1,2,5,1
8,2026-06-18T06:45:28.868Z,2026-06-18T06:54:42.115Z,2026-06-18T06:57:46.960Z,18-25,Masculino,Estudios_Universitarios,No,Si,11,mensaje2_road_low_hrtf.wav,mensaje2,road,low,3,0,0,1,2,3,trafico;humano,3,1,2,1,1,1,5,1
8,2026-06-18T06:45:28.868Z,2026-06-18T06:55:09.484Z,2026-06-18T06:57:46.960Z,18-25,Masculino,Estudios_Universitarios,No,Si,12,mensaje2_road_high_hrtf.wav,mensaje2,road,high,5,0,0,1,2,3,trafico;humano,2,2,1,1,1,3,5,1
8,2026-06-18T06:45:28.868Z,2026-06-18T06:55:39.593Z,2026-06-18T06:57:46.960Z,18-25,Masculino,Estudios_Universitarios,No,Si,13,mensaje2_voices_equal_hrtf.wav,mensaje2,voices,equal,7,0,0,1,2,3,humano,2,5,1,1,1,3,5,1
8,2026-06-18T06:45:28.868Z,2026-06-18T06:56:00.142Z,2026-06-18T06:57:46.960Z,18-25,Masculino,Estudios_Universitarios,No,Si,14,mensaje2_voices_low_hrtf.wav,mensaje2,voices,low,6,0,0,1,2,3,humano,1,5,1,1,1,3,5,1
8,2026-06-18T06:45:28.868Z,2026-06-18T06:56:18.761Z,2026-06-18T06:57:46.960Z,18-25,Masculino,Estudios_Universitarios,No,Si,15,mensaje2_voices_high_hrtf.wav,mensaje2,voices,high,9,0,0,1,2,3,humano,1,5,1,1,1,5,5,1
8,2026-06-18T06:45:28.868Z,2026-06-18T06:56:54.488Z,2026-06-18T06:57:46.960Z,18-25,Masculino,Estudios_Universitarios,No,Si,16,mensaje2_nature_equal_hrtf.wav,mensaje2,nature,equal,5,0,0,1,2,3,humano;natural,4,2,2,1,2,2,5,1
8,2026-06-18T06:45:28.868Z,2026-06-18T06:57:21.836Z,2026-06-18T06:57:46.960Z,18-25,Masculino,Estudios_Universitarios,No,Si,17,mensaje2_nature_low_hrtf.wav,mensaje2,nature,low,3,0,0,1,2,3,humano,4,1,3,1,2,1,5,1
8,2026-06-18T06:45:28.868Z,2026-06-18T06:57:46.960Z,2026-06-18T06:57:46.960Z,18-25,Masculino,Estudios_Universitarios,No,Si,18,mensaje2_nature_high_hrtf.wav,mensaje2,nature,high,5,0,0,1,2,3,humano;natural,3,3,2,1,1,3,5,1
9,2026-06-18T07:01:39.486Z,2026-06-18T07:05:37.255Z,2026-06-18T07:17:24.280Z,18-25,Masculino,Bachillerato,No,Si,1,mensaje1_road_equal_hrtf.wav,mensaje1,road,equal,6,0,0,0,0,0,humano,1,2,2,2,1,4,3,3
9,2026-06-18T07:01:39.486Z,2026-06-18T07:06:28.984Z,2026-06-18T07:17:24.280Z,18-25,Masculino,Bachillerato,No,Si,2,mensaje1_road_low_hrtf.wav,mensaje1,road,low,6,0,0,0,0,0,humano,2,2,3,2,2,3,2,2
9,2026-06-18T07:01:39.486Z,2026-06-18T07:07:04.107Z,2026-06-18T07:17:24.280Z,18-25,Masculino,Bachillerato,No,Si,3,mensaje1_road_high_hrtf.wav,mensaje1,road,high,8,0,0,0,0,0,humano,1,3,4,2,1,3,3,2
9,2026-06-18T07:01:39.486Z,2026-06-18T07:07:44.795Z,2026-06-18T07:17:24.280Z,18-25,Masculino,Bachillerato,No,Si,4,mensaje1_voices_equal_hrtf.wav,mensaje1,voices,equal,9,0,0,0,0,0,humano,1,4,4,1,1,4,3,2
9,2026-06-18T07:01:39.486Z,2026-06-18T07:08:20.527Z,2026-06-18T07:17:24.280Z,18-25,Masculino,Bachillerato,No,Si,5,mensaje1_voices_low_hrtf.wav,mensaje1,voices,low,7,0,0,0,0,0,humano,1,3,4,2,1,4,3,2
9,2026-06-18T07:01:39.486Z,2026-06-18T07:08:53.143Z,2026-06-18T07:17:24.280Z,18-25,Masculino,Bachillerato,No,Si,6,mensaje1_voices_high_hrtf.wav,mensaje1,voices,high,10,0,0,0,0,0,humano,1,5,5,1,1,5,4,1
9,2026-06-18T07:01:39.486Z,2026-06-18T07:09:44.497Z,2026-06-18T07:17:24.280Z,18-25,Masculino,Bachillerato,No,Si,7,mensaje1_nature_equal_hrtf.wav,mensaje1,nature,equal,2,0,0,0,0,0,humano;natural,3,2,2,2,3,2,3,2
9,2026-06-18T07:01:39.486Z,2026-06-18T07:10:28.855Z,2026-06-18T07:17:24.280Z,18-25,Masculino,Bachillerato,No,Si,8,mensaje1_nature_low_hrtf.wav,mensaje1,nature,low,1,0,0,0,0,0,humano;natural,4,1,2,2,4,1,3,2
9,2026-06-18T07:01:39.486Z,2026-06-18T07:11:11.348Z,2026-06-18T07:17:24.280Z,18-25,Masculino,Bachillerato,No,Si,9,mensaje1_nature_high_hrtf.wav,mensaje1,nature,high,8,0,0,0,0,0,humano;natural,1,4,4,1,2,4,3,2
9,2026-06-18T07:01:39.486Z,2026-06-18T07:11:55.697Z,2026-06-18T07:17:24.280Z,18-25,Masculino,Bachillerato,No,Si,10,mensaje2_road_equal_hrtf.wav,mensaje2,road,equal,1,0,0,0,0,0,humano,3,1,1,2,2,2,1,4
9,2026-06-18T07:01:39.486Z,2026-06-18T07:12:38.830Z,2026-06-18T07:17:24.280Z,18-25,Masculino,Bachillerato,No,Si,11,mensaje2_road_low_hrtf.wav,mensaje2,road,low,4,0,0,0,0,0,humano,3,1,2,2,3,2,3,3
9,2026-06-18T07:01:39.486Z,2026-06-18T07:13:19.509Z,2026-06-18T07:17:24.280Z,18-25,Masculino,Bachillerato,No,Si,12,mensaje2_road_high_hrtf.wav,mensaje2,road,high,7,0,0,0,0,0,trafico;humano,1,2,3,2,1,3,3,2
9,2026-06-18T07:01:39.486Z,2026-06-18T07:13:56.410Z,2026-06-18T07:17:24.280Z,18-25,Masculino,Bachillerato,No,Si,13,mensaje2_voices_equal_hrtf.wav,mensaje2,voices,equal,9,0,0,0,0,0,humano,1,5,5,1,1,4,4,1
9,2026-06-18T07:01:39.486Z,2026-06-18T07:14:57.983Z,2026-06-18T07:17:24.280Z,18-25,Masculino,Bachillerato,No,Si,14,mensaje2_voices_low_hrtf.wav,mensaje2,voices,low,3,0,0,0,0,0,humano,3,3,3,1,1,2,4,1
9,2026-06-18T07:01:39.486Z,2026-06-18T07:15:22.457Z,2026-06-18T07:17:24.280Z,18-25,Masculino,Bachillerato,No,Si,15,mensaje2_voices_high_hrtf.wav,mensaje2,voices,high,10,0,0,0,0,0,humano,1,5,5,1,1,5,5,1
9,2026-06-18T07:01:39.486Z,2026-06-18T07:16:16.566Z,2026-06-18T07:17:24.280Z,18-25,Masculino,Bachillerato,No,Si,16,mensaje2_nature_equal_hrtf.wav,mensaje2,nature,equal,3,0,0,0,0,0,humano;natural,2,2,3,2,3,2,4,2
9,2026-06-18T07:01:39.486Z,2026-06-18T07:16:49.600Z,2026-06-18T07:17:24.280Z,18-25,Masculino,Bachillerato,No,Si,17,mensaje2_nature_low_hrtf.wav,mensaje2,nature,low,5,0,0,0,0,0,humano;natural,2,2,3,2,2,4,3,2
9,2026-06-18T07:01:39.486Z,2026-06-18T07:17:24.279Z,2026-06-18T07:17:24.280Z,18-25,Masculino,Bachillerato,No,Si,18,mensaje2_nature_high_hrtf.wav,mensaje2,nature,high,8,0,0,0,0,0,humano;natural,1,4,4,1,2,4,4,1
10,2026-06-18T07:23:40.450Z,2026-06-18T07:28:07.707Z,2026-06-18T07:45:28.638Z,45-55,Masculino,Doctorado,No,Si,1,mensaje1_road_equal_hrtf.wav,mensaje1,road,equal,5,1,1,2,2,5,trafico;humano,2,3,4,4,2,4,2,3
10,2026-06-18T07:23:40.450Z,2026-06-18T07:29:07.917Z,2026-06-18T07:45:28.638Z,45-55,Masculino,Doctorado,No,Si,2,mensaje1_road_low_hrtf.wav,mensaje1,road,low,5,1,1,2,2,5,trafico;humano,2,4,4,2,2,4,4,3
10,2026-06-18T07:23:40.450Z,2026-06-18T07:30:13.796Z,2026-06-18T07:45:28.638Z,45-55,Masculino,Doctorado,No,Si,3,mensaje1_road_high_hrtf.wav,mensaje1,road,high,7,1,1,2,2,5,trafico;humano,2,4,5,1,1,2,4,3
10,2026-06-18T07:23:40.450Z,2026-06-18T07:31:37.026Z,2026-06-18T07:45:28.638Z,45-55,Masculino,Doctorado,No,Si,4,mensaje1_voices_equal_hrtf.wav,mensaje1,voices,equal,7,1,1,2,2,5,humano,2,5,4,1,1,4,5,3
10,2026-06-18T07:23:40.450Z,2026-06-18T07:32:51.491Z,2026-06-18T07:45:28.638Z,45-55,Masculino,Doctorado,No,Si,5,mensaje1_voices_low_hrtf.wav,mensaje1,voices,low,6,1,1,2,2,5,humano,2,4,4,2,2,4,4,3
10,2026-06-18T07:23:40.450Z,2026-06-18T07:34:06.623Z,2026-06-18T07:45:28.638Z,45-55,Masculino,Doctorado,No,Si,6,mensaje1_voices_high_hrtf.wav,mensaje1,voices,high,8,1,1,2,2,5,humano,1,4,4,1,2,5,5,2
10,2026-06-18T07:23:40.450Z,2026-06-18T07:35:46.073Z,2026-06-18T07:45:28.638Z,45-55,Masculino,Doctorado,No,Si,7,mensaje1_nature_equal_hrtf.wav,mensaje1,nature,equal,5,1,1,2,2,5,humano;natural,3,1,3,2,3,2,4,2
10,2026-06-18T07:23:40.450Z,2026-06-18T07:36:28.461Z,2026-06-18T07:45:28.638Z,45-55,Masculino,Doctorado,No,Si,8,mensaje1_nature_low_hrtf.wav,mensaje1,nature,low,4,1,1,2,2,5,humano;natural,3,1,3,3,3,2,3,3
10,2026-06-18T07:23:40.450Z,2026-06-18T07:37:26.905Z,2026-06-18T07:45:28.638Z,45-55,Masculino,Doctorado,No,Si,9,mensaje1_nature_high_hrtf.wav,mensaje1,nature,high,7,1,1,2,2,5,trafico;humano;natural,1,4,3,1,2,4,5,2
10,2026-06-18T07:23:40.450Z,2026-06-18T07:38:50.207Z,2026-06-18T07:45:28.638Z,45-55,Masculino,Doctorado,No,Si,10,mensaje2_road_equal_hrtf.wav,mensaje2,road,equal,3,1,1,2,2,5,trafico;humano,3,1,3,4,3,2,2,4
10,2026-06-18T07:23:40.450Z,2026-06-18T07:39:43.624Z,2026-06-18T07:45:28.638Z,45-55,Masculino,Doctorado,No,Si,11,mensaje2_road_low_hrtf.wav,mensaje2,road,low,2,1,1,2,2,5,trafico;humano,3,1,2,4,4,1,2,4
10,2026-06-18T07:23:40.450Z,2026-06-18T07:40:31.160Z,2026-06-18T07:45:28.638Z,45-55,Masculino,Doctorado,No,Si,12,mensaje2_road_high_hrtf.wav,mensaje2,road,high,5,1,1,2,2,5,trafico;humano,1,2,4,3,2,4,3,4
10,2026-06-18T07:23:40.450Z,2026-06-18T07:41:30.130Z,2026-06-18T07:45:28.638Z,45-55,Masculino,Doctorado,No,Si,13,mensaje2_voices_equal_hrtf.wav,mensaje2,voices,equal,6,1,1,2,2,5,humano,1,4,4,1,2,4,5,2
10,2026-06-18T07:23:40.450Z,2026-06-18T07:42:22.327Z,2026-06-18T07:45:28.638Z,45-55,Masculino,Doctorado,No,Si,14,mensaje2_voices_low_hrtf.wav,mensaje2,voices,low,5,1,1,2,2,5,humano,1,4,4,2,2,3,4,3
10,2026-06-18T07:23:40.450Z,2026-06-18T07:43:02.229Z,2026-06-18T07:45:28.638Z,45-55,Masculino,Doctorado,No,Si,15,mensaje2_voices_high_hrtf.wav,mensaje2,voices,high,9,1,1,2,2,5,humano,1,5,4,1,1,5,5,1
10,2026-06-18T07:23:40.450Z,2026-06-18T07:43:52.723Z,2026-06-18T07:45:28.638Z,45-55,Masculino,Doctorado,No,Si,16,mensaje2_nature_equal_hrtf.wav,mensaje2,nature,equal,3,1,1,2,2,5,trafico;humano;natural,3,2,2,2,4,2,4,3
10,2026-06-18T07:23:40.450Z,2026-06-18T07:44:48.045Z,2026-06-18T07:45:28.638Z,45-55,Masculino,Doctorado,No,Si,17,mensaje2_nature_low_hrtf.wav,mensaje2,nature,low,3,1,1,2,2,5,humano;natural,4,2,3,2,4,2,4,4
10,2026-06-18T07:23:40.450Z,2026-06-18T07:45:28.638Z,2026-06-18T07:45:28.638Z,45-55,Masculino,Doctorado,No,Si,18,mensaje2_nature_high_hrtf.wav,mensaje2,nature,high,7,1,1,2,2,5,trafico;humano;natural,1,5,5,5,1,4,1,1
11,2026-06-18T08:16:31.191Z,2026-06-18T08:20:27.752Z,2026-06-18T08:32:39.883Z,55-65,Masculino,Estudios_Universitarios,No,Si,1,mensaje1_road_equal_hrtf.wav,mensaje1,road,equal,2,0,0,0,0,1,trafico;humano,1,1,1,1,2,1,1,1
11,2026-06-18T08:16:31.191Z,2026-06-18T08:21:26.825Z,2026-06-18T08:32:39.883Z,55-65,Masculino,Estudios_Universitarios,No,Si,2,mensaje1_road_low_hrtf.wav,mensaje1,road,low,0,0,0,0,0,1,trafico;humano,1,1,1,1,2,1,1,1
11,2026-06-18T08:16:31.191Z,2026-06-18T08:22:11.696Z,2026-06-18T08:32:39.883Z,55-65,Masculino,Estudios_Universitarios,No,Si,3,mensaje1_road_high_hrtf.wav,mensaje1,road,high,1,0,0,0,0,1,trafico;humano,1,1,1,1,2,1,1,1
11,2026-06-18T08:16:31.191Z,2026-06-18T08:22:59.857Z,2026-06-18T08:32:39.883Z,55-65,Masculino,Estudios_Universitarios,No,Si,4,mensaje1_voices_equal_hrtf.wav,mensaje1,voices,equal,1,0,0,0,0,1,trafico;humano,1,2,1,1,1,2,2,1
11,2026-06-18T08:16:31.191Z,2026-06-18T08:23:39.484Z,2026-06-18T08:32:39.883Z,55-65,Masculino,Estudios_Universitarios,No,Si,5,mensaje1_voices_low_hrtf.wav,mensaje1,voices,low,1,0,0,0,0,1,trafico;humano,1,2,1,1,2,1,2,1
11,2026-06-18T08:16:31.191Z,2026-06-18T08:24:19.230Z,2026-06-18T08:32:39.883Z,55-65,Masculino,Estudios_Universitarios,No,Si,6,mensaje1_voices_high_hrtf.wav,mensaje1,voices,high,2,0,0,0,0,1,humano,1,2,1,1,1,2,3,1
11,2026-06-18T08:16:31.191Z,2026-06-18T08:25:21.574Z,2026-06-18T08:32:39.883Z,55-65,Masculino,Estudios_Universitarios,No,Si,7,mensaje1_nature_equal_hrtf.wav,mensaje1,nature,equal,0,0,0,0,0,1,humano;natural,2,1,1,1,2,1,1,1
11,2026-06-18T08:16:31.191Z,2026-06-18T08:26:04.171Z,2026-06-18T08:32:39.883Z,55-65,Masculino,Estudios_Universitarios,No,Si,8,mensaje1_nature_low_hrtf.wav,mensaje1,nature,low,1,0,0,0,0,1,humano;natural,2,1,1,1,1,2,2,1
11,2026-06-18T08:16:31.191Z,2026-06-18T08:26:52.902Z,2026-06-18T08:32:39.883Z,55-65,Masculino,Estudios_Universitarios,No,Si,9,mensaje1_nature_high_hrtf.wav,mensaje1,nature,high,1,0,0,0,0,1,trafico;humano;natural,2,1,1,2,2,2,1,1
11,2026-06-18T08:16:31.191Z,2026-06-18T08:27:39.181Z,2026-06-18T08:32:39.883Z,55-65,Masculino,Estudios_Universitarios,No,Si,10,mensaje2_road_equal_hrtf.wav,mensaje2,road,equal,1,0,0,0,0,1,trafico;humano,2,1,1,2,2,2,2,1
11,2026-06-18T08:16:31.191Z,2026-06-18T08:28:22.476Z,2026-06-18T08:32:39.883Z,55-65,Masculino,Estudios_Universitarios,No,Si,11,mensaje2_road_low_hrtf.wav,mensaje2,road,low,1,0,0,0,0,1,trafico;humano;natural,2,1,1,1,2,1,2,1
11,2026-06-18T08:16:31.191Z,2026-06-18T08:29:01.140Z,2026-06-18T08:32:39.883Z,55-65,Masculino,Estudios_Universitarios,No,Si,12,mensaje2_road_high_hrtf.wav,mensaje2,road,high,2,0,0,0,0,1,trafico;humano,1,2,1,1,2,2,2,1
11,2026-06-18T08:16:31.191Z,2026-06-18T08:29:44.310Z,2026-06-18T08:32:39.883Z,55-65,Masculino,Estudios_Universitarios,No,Si,13,mensaje2_voices_equal_hrtf.wav,mensaje2,voices,equal,3,0,0,0,0,1,humano,1,2,1,1,2,2,3,1
11,2026-06-18T08:16:31.191Z,2026-06-18T08:30:16.825Z,2026-06-18T08:32:39.883Z,55-65,Masculino,Estudios_Universitarios,No,Si,14,mensaje2_voices_low_hrtf.wav,mensaje2,voices,low,2,0,0,0,0,1,humano,1,2,1,1,2,2,2,1
11,2026-06-18T08:16:31.191Z,2026-06-18T08:30:49.251Z,2026-06-18T08:32:39.883Z,55-65,Masculino,Estudios_Universitarios,No,Si,15,mensaje2_voices_high_hrtf.wav,mensaje2,voices,high,4,0,0,0,0,1,humano,1,3,1,1,1,3,3,1
11,2026-06-18T08:16:31.191Z,2026-06-18T08:31:24.461Z,2026-06-18T08:32:39.883Z,55-65,Masculino,Estudios_Universitarios,No,Si,16,mensaje2_nature_equal_hrtf.wav,mensaje2,nature,equal,1,0,0,0,0,1,humano;natural,2,1,2,1,2,1,2,1
11,2026-06-18T08:16:31.191Z,2026-06-18T08:32:06.827Z,2026-06-18T08:32:39.883Z,55-65,Masculino,Estudios_Universitarios,No,Si,17,mensaje2_nature_low_hrtf.wav,mensaje2,nature,low,3,0,0,0,0,1,humano;natural,2,1,2,1,2,2,2,1
11,2026-06-18T08:16:31.191Z,2026-06-18T08:32:39.883Z,2026-06-18T08:32:39.883Z,55-65,Masculino,Estudios_Universitarios,No,Si,18,mensaje2_nature_high_hrtf.wav,mensaje2,nature,high,4,0,0,0,0,1,humano,1,3,1,1,1,3,3,1
12,2026-06-18T08:44:07.310Z,2026-06-18T08:47:13.739Z,2026-06-18T08:58:06.713Z,18-25,Masculino,Estudios_Universitarios,No,Si,1,mensaje1_road_equal_hrtf.wav,mensaje1,road,equal,4,0,0,0,1,2,trafico;humano,2,4,3,1,2,3,4,3
12,2026-06-18T08:44:07.310Z,2026-06-18T08:48:14.858Z,2026-06-18T08:58:06.713Z,18-25,Masculino,Estudios_Universitarios,No,Si,2,mensaje1_road_low_hrtf.wav,mensaje1,road,low,5,0,0,0,1,2,trafico;humano,2,4,4,1,1,3,4,2
12,2026-06-18T08:44:07.310Z,2026-06-18T08:49:04.904Z,2026-06-18T08:58:06.713Z,18-25,Masculino,Estudios_Universitarios,No,Si,3,mensaje1_road_high_hrtf.wav,mensaje1,road,high,5,0,0,0,1,2,trafico;humano,1,4,3,1,1,3,4,2
12,2026-06-18T08:44:07.310Z,2026-06-18T08:49:43.659Z,2026-06-18T08:58:06.713Z,18-25,Masculino,Estudios_Universitarios,No,Si,4,mensaje1_voices_equal_hrtf.wav,mensaje1,voices,equal,7,0,0,0,1,2,humano,1,5,3,1,1,4,5,1
12,2026-06-18T08:44:07.310Z,2026-06-18T08:50:17.142Z,2026-06-18T08:58:06.713Z,18-25,Masculino,Estudios_Universitarios,No,Si,5,mensaje1_voices_low_hrtf.wav,mensaje1,voices,low,6,0,0,0,1,2,humano,1,4,3,1,1,4,4,2
12,2026-06-18T08:44:07.310Z,2026-06-18T08:50:43.269Z,2026-06-18T08:58:06.713Z,18-25,Masculino,Estudios_Universitarios,No,Si,6,mensaje1_voices_high_hrtf.wav,mensaje1,voices,high,9,0,0,0,1,2,humano,1,5,3,1,1,5,5,1
12,2026-06-18T08:44:07.310Z,2026-06-18T08:51:38.094Z,2026-06-18T08:58:06.713Z,18-25,Masculino,Estudios_Universitarios,No,Si,7,mensaje1_nature_equal_hrtf.wav,mensaje1,nature,equal,4,0,0,0,1,2,humano;natural,2,3,3,2,2,2,4,2
12,2026-06-18T08:44:07.310Z,2026-06-18T08:52:07.788Z,2026-06-18T08:58:06.713Z,18-25,Masculino,Estudios_Universitarios,No,Si,8,mensaje1_nature_low_hrtf.wav,mensaje1,nature,low,3,0,0,0,1,2,humano;natural,2,3,3,2,2,3,3,2
12,2026-06-18T08:44:07.310Z,2026-06-18T08:52:47.921Z,2026-06-18T08:58:06.713Z,18-25,Masculino,Estudios_Universitarios,No,Si,9,mensaje1_nature_high_hrtf.wav,mensaje1,nature,high,6,0,0,0,1,2,trafico;humano;natural,2,4,3,1,1,3,4,1
12,2026-06-18T08:44:07.310Z,2026-06-18T08:53:41.940Z,2026-06-18T08:58:06.713Z,18-25,Masculino,Estudios_Universitarios,No,Si,10,mensaje2_road_equal_hrtf.wav,mensaje2,road,equal,3,0,0,0,1,2,trafico;humano,2,2,3,2,1,2,3,2
12,2026-06-18T08:44:07.310Z,2026-06-18T08:54:13.567Z,2026-06-18T08:58:06.713Z,18-25,Masculino,Estudios_Universitarios,No,Si,11,mensaje2_road_low_hrtf.wav,mensaje2,road,low,2,0,0,0,1,2,trafico;humano,2,2,2,2,2,2,2,2
12,2026-06-18T08:44:07.310Z,2026-06-18T08:54:38.476Z,2026-06-18T08:58:06.713Z,18-25,Masculino,Estudios_Universitarios,No,Si,12,mensaje2_road_high_hrtf.wav,mensaje2,road,high,5,0,0,0,1,2,trafico;humano,1,3,2,3,1,3,4,1
12,2026-06-18T08:44:07.310Z,2026-06-18T08:55:12.659Z,2026-06-18T08:58:06.713Z,18-25,Masculino,Estudios_Universitarios,No,Si,13,mensaje2_voices_equal_hrtf.wav,mensaje2,voices,equal,9,0,0,0,1,2,trafico;humano,1,4,3,1,1,4,5,1
12,2026-06-18T08:44:07.310Z,2026-06-18T08:55:47.432Z,2026-06-18T08:58:06.713Z,18-25,Masculino,Estudios_Universitarios,No,Si,14,mensaje2_voices_low_hrtf.wav,mensaje2,voices,low,6,0,0,0,1,2,humano,1,3,3,1,1,4,4,2
12,2026-06-18T08:44:07.310Z,2026-06-18T08:56:06.009Z,2026-06-18T08:58:06.713Z,18-25,Masculino,Estudios_Universitarios,No,Si,15,mensaje2_voices_high_hrtf.wav,mensaje2,voices,high,10,0,0,0,1,2,humano,1,5,1,1,1,5,5,1
12,2026-06-18T08:44:07.310Z,2026-06-18T08:56:48.095Z,2026-06-18T08:58:06.713Z,18-25,Masculino,Estudios_Universitarios,No,Si,16,mensaje2_nature_equal_hrtf.wav,mensaje2,nature,equal,2,0,0,0,1,2,humano,2,3,2,2,1,2,2,2
12,2026-06-18T08:44:07.310Z,2026-06-18T08:57:18.730Z,2026-06-18T08:58:06.713Z,18-25,Masculino,Estudios_Universitarios,No,Si,17,mensaje2_nature_low_hrtf.wav,mensaje2,nature,low,2,0,0,0,1,2,humano;natural,2,2,2,1,2,2,2,2
12,2026-06-18T08:44:07.310Z,2026-06-18T08:58:06.712Z,2026-06-18T08:58:06.713Z,18-25,Masculino,Estudios_Universitarios,No,Si,18,mensaje2_nature_high_hrtf.wav,mensaje2,nature,high,5,0,0,0,1,2,trafico;humano;natural,2,4,2,1,1,3,4,1
13,2026-06-18T09:05:36.042Z,2026-06-18T09:11:06.256Z,2026-06-18T09:25:57.092Z,45-55,Femenino,Estudios_Universitarios,No,Si,1,mensaje1_road_equal_hrtf.wav,mensaje1,road,equal,3,0,0,1,2,2,trafico;humano,2,3,1,3,2,2,4,3
13,2026-06-18T09:05:36.042Z,2026-06-18T09:12:56.178Z,2026-06-18T09:25:57.092Z,45-55,Femenino,Estudios_Universitarios,No,Si,2,mensaje1_road_low_hrtf.wav,mensaje1,road,low,3,0,0,1,2,2,trafico;humano,2,1,1,3,2,3,3,3
13,2026-06-18T09:05:36.042Z,2026-06-18T09:13:51.530Z,2026-06-18T09:25:57.092Z,45-55,Femenino,Estudios_Universitarios,No,Si,3,mensaje1_road_high_hrtf.wav,mensaje1,road,high,3,0,0,1,2,2,trafico;humano,1,2,1,3,2,2,3,3
13,2026-06-18T09:05:36.042Z,2026-06-18T09:15:10.136Z,2026-06-18T09:25:57.092Z,45-55,Femenino,Estudios_Universitarios,No,Si,4,mensaje1_voices_equal_hrtf.wav,mensaje1,voices,equal,4,0,0,1,2,2,humano,2,2,1,3,2,3,3,2
13,2026-06-18T09:05:36.042Z,2026-06-18T09:16:19.687Z,2026-06-18T09:25:57.092Z,45-55,Femenino,Estudios_Universitarios,No,Si,5,mensaje1_voices_low_hrtf.wav,mensaje1,voices,low,3,0,0,1,2,2,humano,1,2,1,3,2,3,3,2
13,2026-06-18T09:05:36.042Z,2026-06-18T09:17:00.213Z,2026-06-18T09:25:57.092Z,45-55,Femenino,Estudios_Universitarios,No,Si,6,mensaje1_voices_high_hrtf.wav,mensaje1,voices,high,4,0,0,1,2,2,humano,2,2,1,3,2,2,3,2
13,2026-06-18T09:05:36.042Z,2026-06-18T09:18:07.477Z,2026-06-18T09:25:57.092Z,45-55,Femenino,Estudios_Universitarios,No,Si,7,mensaje1_nature_equal_hrtf.wav,mensaje1,nature,equal,2,0,0,1,2,2,natural,1,1,1,3,2,1,2,2
13,2026-06-18T09:05:36.042Z,2026-06-18T09:18:55.189Z,2026-06-18T09:25:57.092Z,45-55,Femenino,Estudios_Universitarios,No,Si,8,mensaje1_nature_low_hrtf.wav,mensaje1,nature,low,2,0,0,1,2,2,natural,1,2,1,3,2,2,3,2
13,2026-06-18T09:05:36.042Z,2026-06-18T09:19:44.408Z,2026-06-18T09:25:57.092Z,45-55,Femenino,Estudios_Universitarios,No,Si,9,mensaje1_nature_high_hrtf.wav,mensaje1,nature,high,3,0,0,1,2,2,natural,1,2,1,3,3,2,3,2
13,2026-06-18T09:05:36.042Z,2026-06-18T09:20:26.597Z,2026-06-18T09:25:57.092Z,45-55,Femenino,Estudios_Universitarios,No,Si,10,mensaje2_road_equal_hrtf.wav,mensaje2,road,equal,2,0,0,1,2,2,trafico,1,1,1,2,1,1,2,2
13,2026-06-18T09:05:36.042Z,2026-06-18T09:21:02.813Z,2026-06-18T09:25:57.092Z,45-55,Femenino,Estudios_Universitarios,No,Si,11,mensaje2_road_low_hrtf.wav,mensaje2,road,low,2,0,0,1,2,2,trafico,1,1,1,2,1,2,2,3
13,2026-06-18T09:05:36.042Z,2026-06-18T09:21:36.359Z,2026-06-18T09:25:57.092Z,45-55,Femenino,Estudios_Universitarios,No,Si,12,mensaje2_road_high_hrtf.wav,mensaje2,road,high,3,0,0,1,2,2,trafico,1,1,1,3,2,2,3,3
13,2026-06-18T09:05:36.042Z,2026-06-18T09:22:12.066Z,2026-06-18T09:25:57.092Z,45-55,Femenino,Estudios_Universitarios,No,Si,13,mensaje2_voices_equal_hrtf.wav,mensaje2,voices,equal,4,0,0,1,2,2,humano,1,2,1,3,2,3,3,3
13,2026-06-18T09:05:36.042Z,2026-06-18T09:22:47.419Z,2026-06-18T09:25:57.092Z,45-55,Femenino,Estudios_Universitarios,No,Si,14,mensaje2_voices_low_hrtf.wav,mensaje2,voices,low,3,0,0,1,2,2,humano,1,2,1,2,1,2,3,3
13,2026-06-18T09:05:36.042Z,2026-06-18T09:23:33.103Z,2026-06-18T09:25:57.092Z,45-55,Femenino,Estudios_Universitarios,No,Si,15,mensaje2_voices_high_hrtf.wav,mensaje2,voices,high,6,0,0,1,2,2,humano,1,4,1,4,1,4,4,4
13,2026-06-18T09:05:36.042Z,2026-06-18T09:24:14.549Z,2026-06-18T09:25:57.092Z,45-55,Femenino,Estudios_Universitarios,No,Si,16,mensaje2_nature_equal_hrtf.wav,mensaje2,nature,equal,3,0,0,1,2,2,natural,2,1,1,1,1,2,2,2
13,2026-06-18T09:05:36.042Z,2026-06-18T09:24:50.237Z,2026-06-18T09:25:57.092Z,45-55,Femenino,Estudios_Universitarios,No,Si,17,mensaje2_nature_low_hrtf.wav,mensaje2,nature,low,2,0,0,1,2,2,natural,1,1,1,2,1,2,2,3
13,2026-06-18T09:05:36.042Z,2026-06-18T09:25:57.092Z,2026-06-18T09:25:57.092Z,45-55,Femenino,Estudios_Universitarios,No,Si,18,mensaje2_nature_high_hrtf.wav,mensaje2,nature,high,4,0,0,1,2,2,natural,1,2,1,3,1,2,3,2
14,2026-06-18T10:03:50.342Z,2026-06-18T10:07:25.206Z,2026-06-18T10:25:49.521Z,18-25,Masculino,Estudios_Universitarios,No,Si,1,mensaje1_road_equal_hrtf.wav,mensaje1,road,equal,0,0,0,1,1,2,humano,1,1,1,5,3,1,1,3
14,2026-06-18T10:03:50.342Z,2026-06-18T10:08:13.227Z,2026-06-18T10:25:49.521Z,18-25,Masculino,Estudios_Universitarios,No,Si,2,mensaje1_road_low_hrtf.wav,mensaje1,road,low,0,0,0,1,1,2,humano,1,1,1,5,3,1,1,3
14,2026-06-18T10:03:50.342Z,2026-06-18T10:10:56.604Z,2026-06-18T10:25:49.521Z,18-25,Masculino,Estudios_Universitarios,No,Si,3,mensaje1_road_high_hrtf.wav,mensaje1,road,high,1,0,0,1,1,2,trafico;humano,1,2,1,4,3,2,2,3
14,2026-06-18T10:03:50.342Z,2026-06-18T10:12:00.111Z,2026-06-18T10:25:49.521Z,18-25,Masculino,Estudios_Universitarios,No,Si,4,mensaje1_voices_equal_hrtf.wav,mensaje1,voices,equal,2,0,0,1,1,2,humano,1,2,1,2,3,2,4,3
14,2026-06-18T10:03:50.342Z,2026-06-18T10:13:04.910Z,2026-06-18T10:25:49.521Z,18-25,Masculino,Estudios_Universitarios,No,Si,5,mensaje1_voices_low_hrtf.wav,mensaje1,voices,low,2,0,0,1,1,2,humano,1,2,1,2,3,2,4,3
14,2026-06-18T10:03:50.342Z,2026-06-18T10:14:33.689Z,2026-06-18T10:25:49.521Z,18-25,Masculino,Estudios_Universitarios,No,Si,6,mensaje1_voices_high_hrtf.wav,mensaje1,voices,high,7,0,0,1,1,2,humano,1,4,1,1,3,4,5,4
14,2026-06-18T10:03:50.342Z,2026-06-18T10:16:43.561Z,2026-06-18T10:25:49.521Z,18-25,Masculino,Estudios_Universitarios,No,Si,7,mensaje1_nature_equal_hrtf.wav,mensaje1,nature,equal,2,0,0,1,1,2,humano;natural,2,3,1,2,3,3,4,3
14,2026-06-18T10:03:50.342Z,2026-06-18T10:17:11.536Z,2026-06-18T10:25:49.521Z,18-25,Masculino,Estudios_Universitarios,No,Si,8,mensaje1_nature_low_hrtf.wav,mensaje1,nature,low,2,0,0,1,1,2,humano;natural,2,3,1,2,3,3,4,3
14,2026-06-18T10:03:50.342Z,2026-06-18T10:18:27.952Z,2026-06-18T10:25:49.521Z,18-25,Masculino,Estudios_Universitarios,No,Si,9,mensaje1_nature_high_hrtf.wav,mensaje1,nature,high,4,0,0,1,1,2,humano;natural,1,4,1,1,3,4,5,2
14,2026-06-18T10:03:50.342Z,2026-06-18T10:19:34.997Z,2026-06-18T10:25:49.521Z,18-25,Masculino,Estudios_Universitarios,No,Si,10,mensaje2_road_equal_hrtf.wav,mensaje2,road,equal,0,0,0,1,1,2,humano,1,1,1,5,3,1,1,3
14,2026-06-18T10:03:50.342Z,2026-06-18T10:20:08.806Z,2026-06-18T10:25:49.521Z,18-25,Masculino,Estudios_Universitarios,No,Si,11,mensaje2_road_low_hrtf.wav,mensaje2,road,low,0,0,0,1,1,2,humano,1,1,1,5,3,1,1,3
14,2026-06-18T10:03:50.342Z,2026-06-18T10:21:06.738Z,2026-06-18T10:25:49.521Z,18-25,Masculino,Estudios_Universitarios,No,Si,12,mensaje2_road_high_hrtf.wav,mensaje2,road,high,1,0,0,1,1,2,humano,1,2,1,4,3,1,2,3
14,2026-06-18T10:03:50.342Z,2026-06-18T10:21:57.989Z,2026-06-18T10:25:49.521Z,18-25,Masculino,Estudios_Universitarios,No,Si,13,mensaje2_voices_equal_hrtf.wav,mensaje2,voices,equal,3,0,0,1,1,2,humano,1,2,1,2,3,2,4,3
14,2026-06-18T10:03:50.342Z,2026-06-18T10:22:29.571Z,2026-06-18T10:25:49.521Z,18-25,Masculino,Estudios_Universitarios,No,Si,14,mensaje2_voices_low_hrtf.wav,mensaje2,voices,low,3,0,0,1,1,2,humano,1,2,1,2,3,2,4,3
14,2026-06-18T10:03:50.342Z,2026-06-18T10:23:14.628Z,2026-06-18T10:25:49.521Z,18-25,Masculino,Estudios_Universitarios,No,Si,15,mensaje2_voices_high_hrtf.wav,mensaje2,voices,high,9,0,0,1,1,2,humano,1,5,1,1,3,5,5,3
14,2026-06-18T10:03:50.342Z,2026-06-18T10:24:14.318Z,2026-06-18T10:25:49.521Z,18-25,Masculino,Estudios_Universitarios,No,Si,16,mensaje2_nature_equal_hrtf.wav,mensaje2,nature,equal,2,0,0,1,1,2,humano;natural,2,1,1,4,3,1,2,3
14,2026-06-18T10:03:50.342Z,2026-06-18T10:25:00.945Z,2026-06-18T10:25:49.521Z,18-25,Masculino,Estudios_Universitarios,No,Si,17,mensaje2_nature_low_hrtf.wav,mensaje2,nature,low,2,0,0,1,1,2,humano;natural,2,1,1,4,3,1,2,3
14,2026-06-18T10:03:50.342Z,2026-06-18T10:25:49.521Z,2026-06-18T10:25:49.521Z,18-25,Masculino,Estudios_Universitarios,No,Si,18,mensaje2_nature_high_hrtf.wav,mensaje2,nature,high,4,0,0,1,1,2,humano;natural,2,2,1,3,3,2,3,3
15,2026-06-18T10:27:21.541Z,2026-06-18T10:29:42.777Z,2026-06-18T10:42:26.248Z,18-25,Masculino,Estudios_Universitarios,No,Si,1,mensaje1_road_equal_hrtf.wav,mensaje1,road,equal,4,0,0,1,2,4,humano,1,1,3,1,4,4,1,5
15,2026-06-18T10:27:21.541Z,2026-06-18T10:30:29.579Z,2026-06-18T10:42:26.248Z,18-25,Masculino,Estudios_Universitarios,No,Si,2,mensaje1_road_low_hrtf.wav,mensaje1,road,low,5,0,0,1,2,4,trafico;humano,1,1,4,1,4,4,3,5
15,2026-06-18T10:27:21.541Z,2026-06-18T10:31:08.829Z,2026-06-18T10:42:26.248Z,18-25,Masculino,Estudios_Universitarios,No,Si,3,mensaje1_road_high_hrtf.wav,mensaje1,road,high,6,0,0,1,2,4,trafico;humano,1,1,5,3,2,4,4,4
15,2026-06-18T10:27:21.541Z,2026-06-18T10:31:41.622Z,2026-06-18T10:42:26.248Z,18-25,Masculino,Estudios_Universitarios,No,Si,4,mensaje1_voices_equal_hrtf.wav,mensaje1,voices,equal,8,0,0,1,2,4,trafico;humano,1,5,5,1,1,5,4,5
15,2026-06-18T10:27:21.541Z,2026-06-18T10:32:27.732Z,2026-06-18T10:42:26.248Z,18-25,Masculino,Estudios_Universitarios,No,Si,5,mensaje1_voices_low_hrtf.wav,mensaje1,voices,low,7,0,0,1,2,4,trafico;humano,1,4,3,1,2,4,4,3
15,2026-06-18T10:27:21.541Z,2026-06-18T10:33:06.141Z,2026-06-18T10:42:26.248Z,18-25,Masculino,Estudios_Universitarios,No,Si,6,mensaje1_voices_high_hrtf.wav,mensaje1,voices,high,10,0,0,1,2,4,humano,1,5,4,1,1,5,5,4
15,2026-06-18T10:27:21.541Z,2026-06-18T10:33:59.528Z,2026-06-18T10:42:26.248Z,18-25,Masculino,Estudios_Universitarios,No,Si,7,mensaje1_nature_equal_hrtf.wav,mensaje1,nature,equal,5,0,0,1,2,4,humano;natural,3,1,4,1,3,2,4,2
15,2026-06-18T10:27:21.541Z,2026-06-18T10:35:04.320Z,2026-06-18T10:42:26.248Z,18-25,Masculino,Estudios_Universitarios,No,Si,8,mensaje1_nature_low_hrtf.wav,mensaje1,nature,low,4,0,0,1,2,4,humano;natural,4,1,4,1,4,2,5,2
15,2026-06-18T10:27:21.541Z,2026-06-18T10:35:44.966Z,2026-06-18T10:42:26.248Z,18-25,Masculino,Estudios_Universitarios,No,Si,9,mensaje1_nature_high_hrtf.wav,mensaje1,nature,high,8,0,0,1,2,4,trafico;humano;natural,2,4,3,1,2,4,4,5
15,2026-06-18T10:27:21.541Z,2026-06-18T10:36:54.134Z,2026-06-18T10:42:26.248Z,18-25,Masculino,Estudios_Universitarios,No,Si,10,mensaje2_road_equal_hrtf.wav,mensaje2,road,equal,6,0,0,1,2,4,trafico;humano,3,1,2,1,4,3,3,5
15,2026-06-18T10:27:21.541Z,2026-06-18T10:37:48.649Z,2026-06-18T10:42:26.248Z,18-25,Masculino,Estudios_Universitarios,No,Si,11,mensaje2_road_low_hrtf.wav,mensaje2,road,low,4,0,0,1,2,4,trafico;humano,3,1,5,2,5,2,4,2
15,2026-06-18T10:27:21.541Z,2026-06-18T10:38:27.340Z,2026-06-18T10:42:26.248Z,18-25,Masculino,Estudios_Universitarios,No,Si,12,mensaje2_road_high_hrtf.wav,mensaje2,road,high,7,0,0,1,2,4,trafico;humano,2,2,3,1,3,3,4,2
15,2026-06-18T10:27:21.541Z,2026-06-18T10:39:04.642Z,2026-06-18T10:42:26.248Z,18-25,Masculino,Estudios_Universitarios,No,Si,13,mensaje2_voices_equal_hrtf.wav,mensaje2,voices,equal,8,0,0,1,2,4,humano,1,5,3,1,1,5,5,5
15,2026-06-18T10:27:21.541Z,2026-06-18T10:40:04.947Z,2026-06-18T10:42:26.248Z,18-25,Masculino,Estudios_Universitarios,No,Si,14,mensaje2_voices_low_hrtf.wav,mensaje2,voices,low,5,0,0,1,2,4,humano,3,2,2,4,4,2,2,4
15,2026-06-18T10:27:21.541Z,2026-06-18T10:40:29.328Z,2026-06-18T10:42:26.248Z,18-25,Masculino,Estudios_Universitarios,No,Si,15,mensaje2_voices_high_hrtf.wav,mensaje2,voices,high,10,0,0,1,2,4,humano,1,5,5,1,1,5,5,4
15,2026-06-18T10:27:21.541Z,2026-06-18T10:41:04.194Z,2026-06-18T10:42:26.248Z,18-25,Masculino,Estudios_Universitarios,No,Si,16,mensaje2_nature_equal_hrtf.wav,mensaje2,nature,equal,7,0,0,1,2,4,humano;natural,2,1,4,1,4,4,4,1
15,2026-06-18T10:27:21.541Z,2026-06-18T10:41:37.030Z,2026-06-18T10:42:26.248Z,18-25,Masculino,Estudios_Universitarios,No,Si,17,mensaje2_nature_low_hrtf.wav,mensaje2,nature,low,3,0,0,1,2,4,humano;natural,5,1,4,1,5,1,4,2
15,2026-06-18T10:27:21.541Z,2026-06-18T10:42:26.248Z,2026-06-18T10:42:26.248Z,18-25,Masculino,Estudios_Universitarios,No,Si,18,mensaje2_nature_high_hrtf.wav,mensaje2,nature,high,6,0,0,1,2,4,trafico;humano;natural,2,3,1,1,4,4,5,2
16,2026-06-23T05:46:50.451Z,2026-06-23T05:52:11.315Z,2026-06-23T06:12:19.055Z,55-65,Femenino,Estudios_Universitarios,No,Si,1,mensaje1_road_equal_hrtf.wav,mensaje1,road,equal,1,0,0,1,1,2,humano,4,1,4,5,2,1,1,3
16,2026-06-23T05:46:50.451Z,2026-06-23T05:54:09.587Z,2026-06-23T06:12:19.055Z,55-65,Femenino,Estudios_Universitarios,No,Si,2,mensaje1_road_low_hrtf.wav,mensaje1,road,low,1,0,0,1,1,2,humano,4,1,3,3,2,1,3,4
16,2026-06-23T05:46:50.451Z,2026-06-23T05:55:46.884Z,2026-06-23T06:12:19.055Z,55-65,Femenino,Estudios_Universitarios,No,Si,3,mensaje1_road_high_hrtf.wav,mensaje1,road,high,2,0,0,1,1,2,trafico;humano,3,1,2,3,3,2,3,3
16,2026-06-23T05:46:50.451Z,2026-06-23T05:57:30.411Z,2026-06-23T06:12:19.055Z,55-65,Femenino,Estudios_Universitarios,No,Si,4,mensaje1_voices_equal_hrtf.wav,mensaje1,voices,equal,4,0,0,1,1,2,humano,3,2,2,3,2,2,3,3
16,2026-06-23T05:46:50.451Z,2026-06-23T05:58:51.810Z,2026-06-23T06:12:19.055Z,55-65,Femenino,Estudios_Universitarios,No,Si,5,mensaje1_voices_low_hrtf.wav,mensaje1,voices,low,4,0,0,1,1,2,humano,2,1,2,3,2,3,4,2
16,2026-06-23T05:46:50.451Z,2026-06-23T06:00:10.577Z,2026-06-23T06:12:19.055Z,55-65,Femenino,Estudios_Universitarios,No,Si,6,mensaje1_voices_high_hrtf.wav,mensaje1,voices,high,9,0,0,1,1,2,trafico;humano,2,2,2,2,2,2,2,1
16,2026-06-23T05:46:50.451Z,2026-06-23T06:01:33.447Z,2026-06-23T06:12:19.055Z,55-65,Femenino,Estudios_Universitarios,No,Si,7,mensaje1_nature_equal_hrtf.wav,mensaje1,nature,equal,2,0,0,1,1,2,humano;natural,4,1,4,4,4,1,2,2
16,2026-06-23T05:46:50.451Z,2026-06-23T06:02:49.687Z,2026-06-23T06:12:19.055Z,55-65,Femenino,Estudios_Universitarios,No,Si,8,mensaje1_nature_low_hrtf.wav,mensaje1,nature,low,1,0,0,1,1,2,humano;natural,5,1,4,2,4,1,3,2
16,2026-06-23T05:46:50.451Z,2026-06-23T06:03:55.874Z,2026-06-23T06:12:19.055Z,55-65,Femenino,Estudios_Universitarios,No,Si,9,mensaje1_nature_high_hrtf.wav,mensaje1,nature,high,4,0,0,1,1,2,humano;natural,2,2,2,3,2,3,3,2
16,2026-06-23T05:46:50.451Z,2026-06-23T06:04:52.491Z,2026-06-23T06:12:19.055Z,55-65,Femenino,Estudios_Universitarios,No,Si,10,mensaje2_road_equal_hrtf.wav,mensaje2,road,equal,0,0,0,1,1,2,humano,5,1,4,4,4,1,2,2
16,2026-06-23T05:46:50.451Z,2026-06-23T06:05:49.283Z,2026-06-23T06:12:19.055Z,55-65,Femenino,Estudios_Universitarios,No,Si,11,mensaje2_road_low_hrtf.wav,mensaje2,road,low,1,0,0,1,1,2,humano,4,1,4,3,4,1,3,3
16,2026-06-23T05:46:50.451Z,2026-06-23T06:06:37.602Z,2026-06-23T06:12:19.055Z,55-65,Femenino,Estudios_Universitarios,No,Si,12,mensaje2_road_high_hrtf.wav,mensaje2,road,high,5,0,0,1,1,2,trafico;humano,3,1,3,3,2,3,3,3
16,2026-06-23T05:46:50.451Z,2026-06-23T06:07:36.860Z,2026-06-23T06:12:19.055Z,55-65,Femenino,Estudios_Universitarios,No,Si,13,mensaje2_voices_equal_hrtf.wav,mensaje2,voices,equal,8,0,0,1,1,2,trafico;humano,2,3,2,3,2,4,3,2
16,2026-06-23T05:46:50.451Z,2026-06-23T06:08:33.008Z,2026-06-23T06:12:19.055Z,55-65,Femenino,Estudios_Universitarios,No,Si,14,mensaje2_voices_low_hrtf.wav,mensaje2,voices,low,5,0,0,1,1,2,trafico;humano,3,3,3,3,4,4,3,2
16,2026-06-23T05:46:50.451Z,2026-06-23T06:09:33.792Z,2026-06-23T06:12:19.055Z,55-65,Femenino,Estudios_Universitarios,No,Si,15,mensaje2_voices_high_hrtf.wav,mensaje2,voices,high,10,0,0,1,1,2,trafico;humano,1,4,1,3,1,1,4,1
16,2026-06-23T05:46:50.451Z,2026-06-23T06:10:24.157Z,2026-06-23T06:12:19.055Z,55-65,Femenino,Estudios_Universitarios,No,Si,16,mensaje2_nature_equal_hrtf.wav,mensaje2,nature,equal,3,0,0,1,1,2,humano;natural,4,1,4,3,4,1,3,4
16,2026-06-23T05:46:50.451Z,2026-06-23T06:11:22.737Z,2026-06-23T06:12:19.055Z,55-65,Femenino,Estudios_Universitarios,No,Si,17,mensaje2_nature_low_hrtf.wav,mensaje2,nature,low,1,0,0,1,1,2,humano;natural,5,1,4,3,4,1,3,4
16,2026-06-23T05:46:50.451Z,2026-06-23T06:12:19.054Z,2026-06-23T06:12:19.055Z,55-65,Femenino,Estudios_Universitarios,No,Si,18,mensaje2_nature_high_hrtf.wav,mensaje2,nature,high,8,0,0,1,1,2,humano;natural,3,3,2,3,2,4,3,4
17,2026-06-23T06:13:16.582Z,2026-06-23T06:18:59.615Z,2026-06-23T06:31:28.427Z,55-65,Masculino,Formacion_Profesional,No,Si,1,mensaje1_road_equal_hrtf.wav,mensaje1,road,equal,0,0,0,0,0,0,trafico;humano,3,2,2,4,3,2,4,4
17,2026-06-23T06:13:16.582Z,2026-06-23T06:20:06.431Z,2026-06-23T06:31:28.427Z,55-65,Masculino,Formacion_Profesional,No,Si,2,mensaje1_road_low_hrtf.wav,mensaje1,road,low,0,0,0,0,0,0,humano,5,1,4,3,5,1,4,4
17,2026-06-23T06:13:16.582Z,2026-06-23T06:21:05.924Z,2026-06-23T06:31:28.427Z,55-65,Masculino,Formacion_Profesional,No,Si,3,mensaje1_road_high_hrtf.wav,mensaje1,road,high,0,0,0,0,0,0,trafico,5,3,4,4,4,3,4,3
17,2026-06-23T06:13:16.582Z,2026-06-23T06:22:04.301Z,2026-06-23T06:31:28.427Z,55-65,Masculino,Formacion_Profesional,No,Si,4,mensaje1_voices_equal_hrtf.wav,mensaje1,voices,equal,3,0,0,0,0,0,humano,3,3,4,4,4,2,4,3
17,2026-06-23T06:13:16.582Z,2026-06-23T06:22:34.474Z,2026-06-23T06:31:28.427Z,55-65,Masculino,Formacion_Profesional,No,Si,5,mensaje1_voices_low_hrtf.wav,mensaje1,voices,low,2,0,0,0,0,0,humano,4,4,4,4,4,3,4,3
17,2026-06-23T06:13:16.582Z,2026-06-23T06:23:18.328Z,2026-06-23T06:31:28.427Z,55-65,Masculino,Formacion_Profesional,No,Si,6,mensaje1_voices_high_hrtf.wav,mensaje1,voices,high,4,0,0,0,0,0,humano,3,4,3,2,4,5,5,3
17,2026-06-23T06:13:16.582Z,2026-06-23T06:23:55.778Z,2026-06-23T06:31:28.427Z,55-65,Masculino,Formacion_Profesional,No,Si,7,mensaje1_nature_equal_hrtf.wav,mensaje1,nature,equal,4,0,0,0,0,0,humano,3,3,3,2,3,4,4,3
17,2026-06-23T06:13:16.582Z,2026-06-23T06:24:20.808Z,2026-06-23T06:31:28.427Z,55-65,Masculino,Formacion_Profesional,No,Si,8,mensaje1_nature_low_hrtf.wav,mensaje1,nature,low,3,0,0,0,0,0,humano,4,4,4,3,4,3,4,3
17,2026-06-23T06:13:16.582Z,2026-06-23T06:24:58.237Z,2026-06-23T06:31:28.427Z,55-65,Masculino,Formacion_Profesional,No,Si,9,mensaje1_nature_high_hrtf.wav,mensaje1,nature,high,4,0,0,0,0,0,humano,3,4,3,2,4,2,4,3
17,2026-06-23T06:13:16.582Z,2026-06-23T06:25:37.381Z,2026-06-23T06:31:28.427Z,55-65,Masculino,Formacion_Profesional,No,Si,10,mensaje2_road_equal_hrtf.wav,mensaje2,road,equal,4,0,0,0,0,0,trafico,2,3,2,2,4,2,2,3
17,2026-06-23T06:13:16.582Z,2026-06-23T06:26:28.048Z,2026-06-23T06:31:28.427Z,55-65,Masculino,Formacion_Profesional,No,Si,11,mensaje2_road_low_hrtf.wav,mensaje2,road,low,3,0,0,0,0,0,trafico,3,2,3,4,3,3,4,3
17,2026-06-23T06:13:16.582Z,2026-06-23T06:27:00.633Z,2026-06-23T06:31:28.427Z,55-65,Masculino,Formacion_Profesional,No,Si,12,mensaje2_road_high_hrtf.wav,mensaje2,road,high,3,0,0,0,0,0,trafico,3,3,3,2,3,2,4,3
17,2026-06-23T06:13:16.582Z,2026-06-23T06:27:43.906Z,2026-06-23T06:31:28.427Z,55-65,Masculino,Formacion_Profesional,No,Si,13,mensaje2_voices_equal_hrtf.wav,mensaje2,voices,equal,5,0,0,0,0,0,humano;natural,2,2,2,4,3,2,4,3
17,2026-06-23T06:13:16.582Z,2026-06-23T06:28:26.355Z,2026-06-23T06:31:28.427Z,55-65,Masculino,Formacion_Profesional,No,Si,14,mensaje2_voices_low_hrtf.wav,mensaje2,voices,low,3,0,0,0,0,0,humano,2,2,2,2,3,2,4,3
17,2026-06-23T06:13:16.582Z,2026-06-23T06:29:26.833Z,2026-06-23T06:31:28.427Z,55-65,Masculino,Formacion_Profesional,No,Si,15,mensaje2_voices_high_hrtf.wav,mensaje2,voices,high,5,0,0,0,0,0,trafico;humano,1,5,2,2,3,5,4,3
17,2026-06-23T06:13:16.582Z,2026-06-23T06:30:06.938Z,2026-06-23T06:31:28.427Z,55-65,Masculino,Formacion_Profesional,No,Si,16,mensaje2_nature_equal_hrtf.wav,mensaje2,nature,equal,5,0,0,0,0,0,natural,1,4,3,1,3,5,4,3
17,2026-06-23T06:13:16.582Z,2026-06-23T06:30:49.531Z,2026-06-23T06:31:28.427Z,55-65,Masculino,Formacion_Profesional,No,Si,17,mensaje2_nature_low_hrtf.wav,mensaje2,nature,low,4,0,0,0,0,0,natural,2,4,3,2,4,2,4,3
17,2026-06-23T06:13:16.582Z,2026-06-23T06:31:28.427Z,2026-06-23T06:31:28.427Z,55-65,Masculino,Formacion_Profesional,No,Si,18,mensaje2_nature_high_hrtf.wav,mensaje2,nature,high,5,0,0,0,0,0,natural,2,4,3,2,3,4,4,3
18,2026-06-23T06:42:06.035Z,2026-06-23T06:47:47.079Z,2026-06-23T07:05:06.936Z,35-45,Masculino,Estudios_Universitarios,No,Si,1,mensaje1_road_equal_hrtf.wav,mensaje1,road,equal,7,0,0,0,0,0,trafico;humano,3,1,4,4,2,3,2,3
18,2026-06-23T06:42:06.035Z,2026-06-23T06:49:07.670Z,2026-06-23T07:05:06.936Z,35-45,Masculino,Estudios_Universitarios,No,Si,2,mensaje1_road_low_hrtf.wav,mensaje1,road,low,2,0,0,0,0,0,trafico;humano,4,2,3,4,4,1,2,4
18,2026-06-23T06:42:06.035Z,2026-06-23T06:50:50.581Z,2026-06-23T07:05:06.936Z,35-45,Masculino,Estudios_Universitarios,No,Si,3,mensaje1_road_high_hrtf.wav,mensaje1,road,high,7,0,0,0,0,0,trafico;humano,3,2,3,3,4,4,3,2
18,2026-06-23T06:42:06.035Z,2026-06-23T06:51:40.897Z,2026-06-23T07:05:06.936Z,35-45,Masculino,Estudios_Universitarios,No,Si,4,mensaje1_voices_equal_hrtf.wav,mensaje1,voices,equal,8,0,0,0,0,0,humano,2,4,4,2,2,4,5,2
18,2026-06-23T06:42:06.035Z,2026-06-23T06:52:26.709Z,2026-06-23T07:05:06.936Z,35-45,Masculino,Estudios_Universitarios,No,Si,5,mensaje1_voices_low_hrtf.wav,mensaje1,voices,low,7,0,0,0,0,0,humano,2,4,4,2,2,4,4,2
18,2026-06-23T06:42:06.035Z,2026-06-23T06:53:14.798Z,2026-06-23T07:05:06.936Z,35-45,Masculino,Estudios_Universitarios,No,Si,6,mensaje1_voices_high_hrtf.wav,mensaje1,voices,high,9,0,0,0,0,0,humano,1,5,4,1,1,5,5,2
18,2026-06-23T06:42:06.035Z,2026-06-23T06:54:17.516Z,2026-06-23T07:05:06.936Z,35-45,Masculino,Estudios_Universitarios,No,Si,7,mensaje1_nature_equal_hrtf.wav,mensaje1,nature,equal,4,0,0,0,0,0,humano;natural,4,2,4,3,4,2,4,3
18,2026-06-23T06:42:06.035Z,2026-06-23T06:55:05.534Z,2026-06-23T07:05:06.936Z,35-45,Masculino,Estudios_Universitarios,No,Si,8,mensaje1_nature_low_hrtf.wav,mensaje1,nature,low,4,0,0,0,0,0,humano;natural,4,2,4,2,4,2,4,3
18,2026-06-23T06:42:06.035Z,2026-06-23T06:55:55.020Z,2026-06-23T07:05:06.936Z,35-45,Masculino,Estudios_Universitarios,No,Si,9,mensaje1_nature_high_hrtf.wav,mensaje1,nature,high,7,0,0,0,0,0,humano;natural,3,4,4,2,2,4,4,2
18,2026-06-23T06:42:06.035Z,2026-06-23T06:57:18.696Z,2026-06-23T07:05:06.936Z,35-45,Masculino,Estudios_Universitarios,No,Si,10,mensaje2_road_equal_hrtf.wav,mensaje2,road,equal,4,0,0,0,0,0,trafico;humano,3,2,3,4,4,3,2,4
18,2026-06-23T06:42:06.035Z,2026-06-23T06:58:29.052Z,2026-06-23T07:05:06.936Z,35-45,Masculino,Estudios_Universitarios,No,Si,11,mensaje2_road_low_hrtf.wav,mensaje2,road,low,2,0,0,0,0,0,trafico;humano,3,1,3,2,4,2,2,4
18,2026-06-23T06:42:06.035Z,2026-06-23T06:59:40.988Z,2026-06-23T07:05:06.936Z,35-45,Masculino,Estudios_Universitarios,No,Si,12,mensaje2_road_high_hrtf.wav,mensaje2,road,high,6,0,0,0,0,0,trafico;humano,2,2,2,4,4,3,2,5
18,2026-06-23T06:42:06.035Z,2026-06-23T07:01:02.959Z,2026-06-23T07:05:06.936Z,35-45,Masculino,Estudios_Universitarios,No,Si,13,mensaje2_voices_equal_hrtf.wav,mensaje2,voices,equal,8,0,0,0,0,0,humano,1,5,4,1,2,5,5,4
18,2026-06-23T06:42:06.035Z,2026-06-23T07:01:36.914Z,2026-06-23T07:05:06.936Z,35-45,Masculino,Estudios_Universitarios,No,Si,14,mensaje2_voices_low_hrtf.wav,mensaje2,voices,low,7,0,0,0,0,0,humano,2,4,4,1,2,4,4,3
18,2026-06-23T06:42:06.035Z,2026-06-23T07:02:29.352Z,2026-06-23T07:05:06.936Z,35-45,Masculino,Estudios_Universitarios,No,Si,15,mensaje2_voices_high_hrtf.wav,mensaje2,voices,high,9,0,0,0,0,0,humano,1,5,5,1,1,5,5,4
18,2026-06-23T06:42:06.035Z,2026-06-23T07:03:31.441Z,2026-06-23T07:05:06.936Z,35-45,Masculino,Estudios_Universitarios,No,Si,16,mensaje2_nature_equal_hrtf.wav,mensaje2,nature,equal,3,0,0,0,0,0,humano;natural,4,4,4,2,4,2,4,2
18,2026-06-23T06:42:06.035Z,2026-06-23T07:04:21.614Z,2026-06-23T07:05:06.936Z,35-45,Masculino,Estudios_Universitarios,No,Si,17,mensaje2_nature_low_hrtf.wav,mensaje2,nature,low,1,0,0,0,0,0,humano;natural,4,3,4,2,4,2,3,2
18,2026-06-23T06:42:06.035Z,2026-06-23T07:05:06.935Z,2026-06-23T07:05:06.936Z,35-45,Masculino,Estudios_Universitarios,No,Si,18,mensaje2_nature_high_hrtf.wav,mensaje2,nature,high,6,0,0,0,0,0,humano;natural,3,4,4,2,3,3,4,3
19,2026-06-23T07:13:15.749Z,2026-06-23T07:17:27.172Z,2026-06-23T07:29:53.748Z,18-25,Masculino,Bachillerato,No,Si,1,mensaje1_road_equal_hrtf.wav,mensaje1,road,equal,2,0,0,0,0,0,humano,3,1,2,5,4,1,1,4
19,2026-06-23T07:13:15.749Z,2026-06-23T07:18:19.049Z,2026-06-23T07:29:53.748Z,18-25,Masculino,Bachillerato,No,Si,2,mensaje1_road_low_hrtf.wav,mensaje1,road,low,2,0,0,0,0,0,trafico;humano,3,1,2,5,4,1,1,4
19,2026-06-23T07:13:15.749Z,2026-06-23T07:19:16.132Z,2026-06-23T07:29:53.748Z,18-25,Masculino,Bachillerato,No,Si,3,mensaje1_road_high_hrtf.wav,mensaje1,road,high,3,0,0,0,0,0,trafico;humano,4,2,2,3,4,2,2,4
19,2026-06-23T07:13:15.749Z,2026-06-23T07:20:12.009Z,2026-06-23T07:29:53.748Z,18-25,Masculino,Bachillerato,No,Si,4,mensaje1_voices_equal_hrtf.wav,mensaje1,voices,equal,3,0,0,0,0,0,humano,3,3,2,3,4,2,3,3
19,2026-06-23T07:13:15.749Z,2026-06-23T07:20:49.527Z,2026-06-23T07:29:53.748Z,18-25,Masculino,Bachillerato,No,Si,5,mensaje1_voices_low_hrtf.wav,mensaje1,voices,low,3,0,0,0,0,0,humano,2,4,3,3,4,2,3,4
19,2026-06-23T07:13:15.749Z,2026-06-23T07:21:32.688Z,2026-06-23T07:29:53.748Z,18-25,Masculino,Bachillerato,No,Si,6,mensaje1_voices_high_hrtf.wav,mensaje1,voices,high,5,0,0,0,0,0,humano,2,4,3,2,2,3,4,3
19,2026-06-23T07:13:15.749Z,2026-06-23T07:22:08.457Z,2026-06-23T07:29:53.748Z,18-25,Masculino,Bachillerato,No,Si,7,mensaje1_nature_equal_hrtf.wav,mensaje1,nature,equal,2,0,0,0,0,0,humano;natural,4,1,2,3,4,1,3,4
19,2026-06-23T07:13:15.749Z,2026-06-23T07:22:56.847Z,2026-06-23T07:29:53.748Z,18-25,Masculino,Bachillerato,No,Si,8,mensaje1_nature_low_hrtf.wav,mensaje1,nature,low,2,0,0,0,0,0,humano;natural,4,3,3,3,4,1,3,4
19,2026-06-23T07:13:15.749Z,2026-06-23T07:23:37.630Z,2026-06-23T07:29:53.748Z,18-25,Masculino,Bachillerato,No,Si,9,mensaje1_nature_high_hrtf.wav,mensaje1,nature,high,3,0,0,0,0,0,humano;natural,4,3,3,3,3,1,3,3
19,2026-06-23T07:13:15.749Z,2026-06-23T07:24:30.113Z,2026-06-23T07:29:53.748Z,18-25,Masculino,Bachillerato,No,Si,10,mensaje2_road_equal_hrtf.wav,mensaje2,road,equal,1,0,0,0,0,0,trafico;humano,3,1,1,5,4,1,1,3
19,2026-06-23T07:13:15.749Z,2026-06-23T07:25:19.560Z,2026-06-23T07:29:53.748Z,18-25,Masculino,Bachillerato,No,Si,11,mensaje2_road_low_hrtf.wav,mensaje2,road,low,2,0,0,0,0,0,trafico;humano,3,2,2,5,2,1,1,4
19,2026-06-23T07:13:15.749Z,2026-06-23T07:26:11.741Z,2026-06-23T07:29:53.748Z,18-25,Masculino,Bachillerato,No,Si,12,mensaje2_road_high_hrtf.wav,mensaje2,road,high,3,0,0,0,0,0,trafico;humano,2,1,2,4,2,1,2,4
19,2026-06-23T07:13:15.749Z,2026-06-23T07:26:48.533Z,2026-06-23T07:29:53.748Z,18-25,Masculino,Bachillerato,No,Si,13,mensaje2_voices_equal_hrtf.wav,mensaje2,voices,equal,5,0,0,0,0,0,humano,3,4,2,2,2,3,4,2
19,2026-06-23T07:13:15.749Z,2026-06-23T07:27:22.115Z,2026-06-23T07:29:53.748Z,18-25,Masculino,Bachillerato,No,Si,14,mensaje2_voices_low_hrtf.wav,mensaje2,voices,low,3,0,0,0,0,0,humano,2,2,2,3,2,2,3,3
19,2026-06-23T07:13:15.749Z,2026-06-23T07:28:00.826Z,2026-06-23T07:29:53.748Z,18-25,Masculino,Bachillerato,No,Si,15,mensaje2_voices_high_hrtf.wav,mensaje2,voices,high,4,0,0,0,0,0,humano,2,4,2,2,1,3,4,3
19,2026-06-23T07:13:15.749Z,2026-06-23T07:28:30.827Z,2026-06-23T07:29:53.748Z,18-25,Masculino,Bachillerato,No,Si,16,mensaje2_nature_equal_hrtf.wav,mensaje2,nature,equal,2,0,0,0,0,0,humano;natural,4,2,3,4,4,2,2,3
19,2026-06-23T07:13:15.749Z,2026-06-23T07:29:15.887Z,2026-06-23T07:29:53.748Z,18-25,Masculino,Bachillerato,No,Si,17,mensaje2_nature_low_hrtf.wav,mensaje2,nature,low,4,0,0,0,0,0,humano;natural,3,2,2,3,2,3,3,2
19,2026-06-23T07:13:15.749Z,2026-06-23T07:29:53.748Z,2026-06-23T07:29:53.748Z,18-25,Masculino,Bachillerato,No,Si,18,mensaje2_nature_high_hrtf.wav,mensaje2,nature,high,3,0,0,0,0,0,humano;natural,2,2,2,4,3,2,2,2
20,2026-06-23T07:37:13.571Z,2026-06-23T07:42:15.421Z,2026-06-23T07:56:05.977Z,18-25,Masculino,Estudios_Universitarios,No,Si,1,mensaje1_road_equal_hrtf.wav,mensaje1,road,equal,3,1,0,0,1,1,humano,4,1,3,3,4,1,2,4
20,2026-06-23T07:37:13.571Z,2026-06-23T07:43:36.307Z,2026-06-23T07:56:05.977Z,18-25,Masculino,Estudios_Universitarios,No,Si,2,mensaje1_road_low_hrtf.wav,mensaje1,road,low,2,1,0,0,1,1,humano,4,1,3,3,4,1,2,4
20,2026-06-23T07:37:13.571Z,2026-06-23T07:44:23.938Z,2026-06-23T07:56:05.977Z,18-25,Masculino,Estudios_Universitarios,No,Si,3,mensaje1_road_high_hrtf.wav,mensaje1,road,high,3,1,0,0,1,1,trafico;humano,3,3,3,4,3,3,4,3
20,2026-06-23T07:37:13.571Z,2026-06-23T07:45:14.857Z,2026-06-23T07:56:05.977Z,18-25,Masculino,Estudios_Universitarios,No,Si,4,mensaje1_voices_equal_hrtf.wav,mensaje1,voices,equal,5,1,0,0,1,1,trafico;humano,2,4,2,2,2,3,4,3
20,2026-06-23T07:37:13.571Z,2026-06-23T07:46:12.754Z,2026-06-23T07:56:05.977Z,18-25,Masculino,Estudios_Universitarios,No,Si,5,mensaje1_voices_low_hrtf.wav,mensaje1,voices,low,4,1,0,0,1,1,humano,2,3,3,2,2,3,4,3
20,2026-06-23T07:37:13.571Z,2026-06-23T07:46:57.874Z,2026-06-23T07:56:05.977Z,18-25,Masculino,Estudios_Universitarios,No,Si,6,mensaje1_voices_high_hrtf.wav,mensaje1,voices,high,7,1,0,0,1,1,humano,1,4,4,1,1,4,4,2
20,2026-06-23T07:37:13.571Z,2026-06-23T07:48:04.076Z,2026-06-23T07:56:05.977Z,18-25,Masculino,Estudios_Universitarios,No,Si,7,mensaje1_nature_equal_hrtf.wav,mensaje1,nature,equal,0,1,0,0,1,1,humano;natural,5,1,3,4,5,1,2,3
20,2026-06-23T07:37:13.571Z,2026-06-23T07:48:45.714Z,2026-06-23T07:56:05.977Z,18-25,Masculino,Estudios_Universitarios,No,Si,8,mensaje1_nature_low_hrtf.wav,mensaje1,nature,low,1,1,0,0,1,1,humano;natural,5,1,3,4,5,1,2,4
20,2026-06-23T07:37:13.571Z,2026-06-23T07:49:53.789Z,2026-06-23T07:56:05.977Z,18-25,Masculino,Estudios_Universitarios,No,Si,9,mensaje1_nature_high_hrtf.wav,mensaje1,nature,high,3,1,0,0,1,1,humano;natural,4,2,3,3,3,3,4,3
20,2026-06-23T07:37:13.571Z,2026-06-23T07:50:45.717Z,2026-06-23T07:56:05.977Z,18-25,Masculino,Estudios_Universitarios,No,Si,10,mensaje2_road_equal_hrtf.wav,mensaje2,road,equal,1,1,0,0,1,1,trafico;humano,4,1,4,5,4,1,2,4
20,2026-06-23T07:37:13.571Z,2026-06-23T07:51:26.427Z,2026-06-23T07:56:05.977Z,18-25,Masculino,Estudios_Universitarios,No,Si,11,mensaje2_road_low_hrtf.wav,mensaje2,road,low,0,1,0,0,1,1,humano,5,1,3,4,5,1,1,4
20,2026-06-23T07:37:13.571Z,2026-06-23T07:52:02.275Z,2026-06-23T07:56:05.977Z,18-25,Masculino,Estudios_Universitarios,No,Si,12,mensaje2_road_high_hrtf.wav,mensaje2,road,high,3,1,0,0,1,1,trafico;humano,4,1,3,4,4,1,3,4
20,2026-06-23T07:37:13.571Z,2026-06-23T07:52:50.673Z,2026-06-23T07:56:05.977Z,18-25,Masculino,Estudios_Universitarios,No,Si,13,mensaje2_voices_equal_hrtf.wav,mensaje2,voices,equal,5,1,0,0,1,1,humano,3,4,4,4,1,4,5,2
20,2026-06-23T07:37:13.571Z,2026-06-23T07:53:29.035Z,2026-06-23T07:56:05.977Z,18-25,Masculino,Estudios_Universitarios,No,Si,14,mensaje2_voices_low_hrtf.wav,mensaje2,voices,low,4,1,0,0,1,1,humano,3,3,3,3,2,3,4,3
20,2026-06-23T07:37:13.571Z,2026-06-23T07:54:04.306Z,2026-06-23T07:56:05.977Z,18-25,Masculino,Estudios_Universitarios,No,Si,15,mensaje2_voices_high_hrtf.wav,mensaje2,voices,high,8,1,0,0,1,1,humano,1,5,4,5,1,4,5,1
20,2026-06-23T07:37:13.571Z,2026-06-23T07:54:46.923Z,2026-06-23T07:56:05.977Z,18-25,Masculino,Estudios_Universitarios,No,Si,16,mensaje2_nature_equal_hrtf.wav,mensaje2,nature,equal,0,1,0,0,1,1,humano;natural,5,1,4,4,5,1,2,3
20,2026-06-23T07:37:13.571Z,2026-06-23T07:55:31.121Z,2026-06-23T07:56:05.977Z,18-25,Masculino,Estudios_Universitarios,No,Si,17,mensaje2_nature_low_hrtf.wav,mensaje2,nature,low,0,1,0,0,1,1,humano;natural,5,1,3,4,5,1,2,3
20,2026-06-23T07:37:13.571Z,2026-06-23T07:56:05.976Z,2026-06-23T07:56:05.977Z,18-25,Masculino,Estudios_Universitarios,No,Si,18,mensaje2_nature_high_hrtf.wav,mensaje2,nature,high,4,1,0,0,1,1,humano;natural,3,1,4,4,2,2,3,2
21,2026-06-24T14:34:06.076Z,2026-06-24T14:39:19.058Z,2026-06-24T14:54:08.688Z,55-65,Masculino,Estudios_Universitarios,No,Si,1,mensaje1_road_equal_hrtf.wav,mensaje1,road,equal,2,0,0,1,1,1,"humano",3,1,2,5,5,2,2,2
21,2026-06-24T14:34:06.076Z,2026-06-24T14:40:24.393Z,2026-06-24T14:54:08.688Z,55-65,Masculino,Estudios_Universitarios,No,Si,2,mensaje1_road_low_hrtf.wav,mensaje1,road,low,2,0,0,1,1,1,"humano",3,2,2,4,4,2,2,3
21,2026-06-24T14:34:06.076Z,2026-06-24T14:41:36.674Z,2026-06-24T14:54:08.688Z,55-65,Masculino,Estudios_Universitarios,No,Si,3,mensaje1_road_high_hrtf.wav,mensaje1,road,high,3,0,0,1,1,1,"trafico;humano",2,2,3,3,3,3,3,2
21,2026-06-24T14:34:06.076Z,2026-06-24T14:42:36.207Z,2026-06-24T14:54:08.688Z,55-65,Masculino,Estudios_Universitarios,No,Si,4,mensaje1_voices_equal_hrtf.wav,mensaje1,voices,equal,6,0,0,1,1,1,"humano",2,4,4,2,2,4,4,2
21,2026-06-24T14:34:06.076Z,2026-06-24T14:43:23.056Z,2026-06-24T14:54:08.688Z,55-65,Masculino,Estudios_Universitarios,No,Si,5,mensaje1_voices_low_hrtf.wav,mensaje1,voices,low,7,0,0,1,1,1,"humano",2,3,3,3,3,4,4,3
21,2026-06-24T14:34:06.076Z,2026-06-24T14:44:07.383Z,2026-06-24T14:54:08.688Z,55-65,Masculino,Estudios_Universitarios,No,Si,6,mensaje1_voices_high_hrtf.wav,mensaje1,voices,high,8,0,0,1,1,1,"humano",1,4,4,1,1,4,4,4
21,2026-06-24T14:34:06.076Z,2026-06-24T14:45:09.300Z,2026-06-24T14:54:08.688Z,55-65,Masculino,Estudios_Universitarios,No,Si,7,mensaje1_nature_equal_hrtf.wav,mensaje1,nature,equal,2,0,0,1,1,1,"humano;natural",4,2,4,2,4,2,4,2
21,2026-06-24T14:34:06.076Z,2026-06-24T14:45:48.357Z,2026-06-24T14:54:08.688Z,55-65,Masculino,Estudios_Universitarios,No,Si,8,mensaje1_nature_low_hrtf.wav,mensaje1,nature,low,1,0,0,1,1,1,"humano;natural",4,2,4,2,2,2,4,2
21,2026-06-24T14:34:06.076Z,2026-06-24T14:46:33.728Z,2026-06-24T14:54:08.688Z,55-65,Masculino,Estudios_Universitarios,No,Si,9,mensaje1_nature_high_hrtf.wav,mensaje1,nature,high,4,0,0,1,1,1,"humano;natural",3,2,4,1,1,2,4,1
21,2026-06-24T14:34:06.076Z,2026-06-24T14:47:21.245Z,2026-06-24T14:54:08.688Z,55-65,Masculino,Estudios_Universitarios,No,Si,10,mensaje2_road_equal_hrtf.wav,mensaje2,road,equal,2,0,0,1,1,1,"trafico;humano",3,1,2,4,2,2,3,1
21,2026-06-24T14:34:06.076Z,2026-06-24T14:48:09.309Z,2026-06-24T14:54:08.688Z,55-65,Masculino,Estudios_Universitarios,No,Si,11,mensaje2_road_low_hrtf.wav,mensaje2,road,low,3,0,0,1,1,1,"trafico;humano",2,2,2,3,4,3,3,4
21,2026-06-24T14:34:06.076Z,2026-06-24T14:49:01.428Z,2026-06-24T14:54:08.688Z,55-65,Masculino,Estudios_Universitarios,No,Si,12,mensaje2_road_high_hrtf.wav,mensaje2,road,high,6,0,0,1,1,1,"trafico;humano",2,2,2,2,2,4,4,4
21,2026-06-24T14:34:06.076Z,2026-06-24T14:50:04.551Z,2026-06-24T14:54:08.688Z,55-65,Masculino,Estudios_Universitarios,No,Si,13,mensaje2_voices_equal_hrtf.wav,mensaje2,voices,equal,8,0,0,1,1,1,"humano",1,5,3,1,1,5,4,1
21,2026-06-24T14:34:06.076Z,2026-06-24T14:50:48.657Z,2026-06-24T14:54:08.688Z,55-65,Masculino,Estudios_Universitarios,No,Si,14,mensaje2_voices_low_hrtf.wav,mensaje2,voices,low,5,0,0,1,1,1,"humano",2,2,2,2,3,3,3,3
21,2026-06-24T14:34:06.076Z,2026-06-24T14:51:43.650Z,2026-06-24T14:54:08.688Z,55-65,Masculino,Estudios_Universitarios,No,Si,15,mensaje2_voices_high_hrtf.wav,mensaje2,voices,high,9,0,0,1,1,1,"humano",1,5,3,1,1,5,5,1
21,2026-06-24T14:34:06.076Z,2026-06-24T14:52:29.222Z,2026-06-24T14:54:08.688Z,55-65,Masculino,Estudios_Universitarios,No,Si,16,mensaje2_nature_equal_hrtf.wav,mensaje2,nature,equal,1,0,0,1,1,1,"humano;natural",4,1,4,1,4,1,4,1
21,2026-06-24T14:34:06.076Z,2026-06-24T14:53:14.933Z,2026-06-24T14:54:08.688Z,55-65,Masculino,Estudios_Universitarios,No,Si,17,mensaje2_nature_low_hrtf.wav,mensaje2,nature,low,1,0,0,1,1,1,"humano;natural",3,1,4,2,4,1,4,2
21,2026-06-24T14:34:06.076Z,2026-06-24T14:54:08.688Z,2026-06-24T14:54:08.688Z,55-65,Masculino,Estudios_Universitarios,No,Si,18,mensaje2_nature_high_hrtf.wav,mensaje2,nature,high,3,0,0,1,1,1,"trafico;humano;natural",4,2,4,1,3,3,4,2
